1602691240428900457,-0.4999755138542659,0.2700208595806774
1602691240431648303,-0.4999750656505894,0.2700248693083056
1602691240441365347,-0.4999799753967601,0.27004340507031843
1602691240448764613,-0.499974681517777,0.27002267026930193
1602691240457077606,-0.4999816890412373,0.2700338555535463
1602691240464760080,-0.4999751023331394,0.27001481234049357
1602691240471457340,-0.4999657984440425,0.2700198787591026
1602691240481356285,-0.4999712349583532,0.2700236876048282
1602691240488597971,-0.49997690245528814,0.2700244133145157
1602691240497585186,-0.4999608046856031,0.2700475065066044
1602691240504483600,-0.499981152490607,0.270014915165829
1602691240514667473,-0.49998006195553185,0.2700364840443582
1602691240520445925,-0.4999828039304832,0.2700161587729591
1602691240528679852,-0.49997339222941667,0.2700243378857277
1602691240537166121,-0.49995993807285194,0.27003820246697896
1602691240543968878,-0.4999663753142734,0.27003326859829446
1602691240555435169,-0.49997586121049714,0.2700331156514046
1602691240559983073,-0.49997577441770974,0.2700299676785118
1602691240568331949,-0.49998063108843466,0.2700204102964952
1602691240577364544,-0.49997485289905624,0.2700286671303522
1602691240583615906,-0.4999841070078913,0.27002663368656055
1602691240599677589,-0.4999803709602104,0.2700283097562464
1602691240602315269,-0.4999914276283864,0.27001883307463115
1602691240608219644,-0.499973820084655,0.27003556680878815
1602691240617192393,-0.49998951958623344,0.2700224133245371
1602691240623834800,-0.49997161956088043,0.27001861230550434
1602691240631577820,-0.4999856041437129,0.2700309475109441
1602691240642131041,-0.4999785070023557,0.27002975872486973
1602691240648204315,-0.49996551479456375,0.27002677364203964
1602691240657081194,-0.4999807558301447,0.27003978038498394
1602691240664399680,-0.4999779004033202,0.2700167100874581
1602691240672319522,-0.4999736895317777,0.27002338895284017
1602691240681347541,-0.49996860767346196,0.27002775924391925
1602691240687769739,-0.49997964706131115,0.2700373846264366
1602691240701557945,-0.49997394946824275,0.2700154895740454
1602691240704213530,-0.4999886800066131,0.2700228660457151
1602691240712195344,-0.4999786266891542,0.27003087551656035
1602691240721541821,-0.499981741002606,0.2700199746208434
1602691240728431483,-0.49997269025294505,0.2700383263638688
1602691240736776189,-0.4999765826734086,0.2700333361115767
1602691240744683455,-0.499970610346837,0.2700214108449088
1602691240751845276,-0.49998430318331305,0.27001766855496645
1602691240761320787,-0.4999802322251321,0.27003858108117657
1602691240768051526,-0.49998407380158955,0.2700224683768919
1602691240777573123,-0.4999698266248161,0.27002811089957246
1602691240783797770,-0.49997952010750496,0.27001825879394364
1602691240796039153,-0.49998687491892696,0.27001741808776997
1602691240799895155,-0.499983947878861,0.2700294142816364
1602691240809345459,-0.49997217461993726,0.2700267808534642
1602691240817138265,-0.4999697344190147,0.2700363776864589
1602691240823728799,-0.49998779398644305,0.2700256940535994
1602691240832062052,-0.49998158475062854,0.27002865974865825
1602691240844797746,-0.4999705776885083,0.2700103343846158
1602691240847589478,-0.4999799309658582,0.2700201511255412
1602691240857081226,-0.49996960491944636,0.2700321858330164
1602691240864607927,-0.4999675360075704,0.27003747819651686
1602691240875778764,-0.49997210724701485,0.27002185213190505
1602691240879788052,-0.49997240409165744,0.27002198115403747
1602691240890671397,-0.4999783524158847,0.2700227599229593
1602691240899078971,-0.4999816194717635,0.27002276710426604
1602691240903527438,-0.49997631235316536,0.27002909651756113
1602691240913623891,-0.4999773940849528,0.2700315164236369
1602691240921307060,-0.4999766297704151,0.2700302393353614
1602691240931039537,-0.4999701492015508,0.27003547706979575
1602691240937544438,-0.499969305495144,0.27002798016722035
1602691240944519709,-0.4999848395059233,0.2700139754632469
1602691240952916113,-0.4999690368759499,0.27003615683990306
1602691240960193491,-0.49996519643103315,0.27003289217854465
1602691240970718697,-0.4999801242387276,0.2700243304726277
1602691240975804539,-0.4999896461377847,0.27003115507326614
1602691240987564611,-0.4999711147702313,0.27002364876021934
1602691240992241969,-0.4999829242801043,0.2700161976659892
1602691241000238308,-0.49996625503856407,0.2700332297233611
1602691241008850993,-0.49997935063991245,0.2700372557271486
1602691241016259714,-0.49997018327632603,0.2700424369611041
1602691241030687080,-0.49998023214861026,0.27001640922585834
1602691241032305872,-0.499980315773422,0.2700265051422913
1602691241040504006,-0.4999795850515119,0.27002211901325757
1602691241049320458,-0.4999688268526401,0.27003297937079596
1602691241055946307,-0.49996675686346115,0.2700354293186028
1602691241068735503,-0.4999810499876803,0.27001666892108916
1602691241071465156,-0.4999791030647527,0.27001809092970636
1602691241079664700,-0.4999687064781296,0.2700329404652787
1602691241088538715,-0.49998150531511243,0.27004181525927196
1602691241096582471,-0.4999889105093308,0.2700152347295127
1602691241108886437,-0.4999831848378615,0.27002530578014794
1602691241112642088,-0.4999783524158847,0.2700227599229593
1602691241120690231,-0.49996878486656254,0.2700069328705418
1602691241128811579,-0.49997057129767736,0.27003041367607855
1602691241136232377,-0.49997450166484164,0.27003063330876864
1602691241146242518,-0.4999665494203337,0.27003229019304004
1602691241153154424,-0.49996869502268315,0.2700236328784642
1602691241162838717,-0.4999790032384373,0.2700361464655545
1602691241167977999,-0.4999766666645993,0.2700201823414758
1602691241175855824,-0.4999840401310464,0.2700255774073784
1602691241185516708,-0.4999626632233702,0.27001998496693097
1602691241192384273,-0.4999769153524598,0.2700365157132691
1602691241200055205,-0.4999779760836557,0.2700327366602471
1602691241209095306,-0.49997828456234716,0.2700189091218824
1602691241215720196,-0.4999717032355012,0.27002870819740654
1602691241230797997,-0.49998466865848284,0.27001363191620203
1602691241233150120,-0.49996919935729894,0.27002587078060925
1602691241242596140,-0.4999666133047287,0.2700281916462894
1602691241248387572,-0.4999862628399929,0.27003011537351296
1602691241255592209,-0.4999855165835726,0.2700250049454429
1602691241265098988,-0.4999866294533569,0.2700232472251547
1602691241272410976,-0.4999571902320715,0.2700252278277306
1602691241286608308,-0.4999695459718565,0.27002805789068757
1602691241288787797,-0.49996854419724973,0.27002669370622195
1602691241296358509,-0.4999790553537911,0.2700392730823175
1602691241305669335,-0.4999730966035251,0.27002810871800503
1602691241311836502,-0.4999721316552235,0.27003295079300554
1602691241320609172,-0.4999689049872299,0.27002681031459624
1602691241332595404,-0.4999678885701971,0.27003268071618775
1602691241335989192,-0.4999664895873299,0.27001701530424993
1602691241356598015,-0.4999747415008678,0.2700368673416661
1602691241356604925,-0.4999738440588179,0.2700303876830549
1602691241361307481,-0.4999767384245338,0.27003750355159756
1602691241368486481,-0.4999977441489949,0.2700267126870067
1602691241375557985,-0.4999767159641337,0.2700233183683459
1602691241385707467,-0.49996915125601127,0.2700199034924705
1602691241392399490,-0.49997117146942627,0.2700226220678932
1602691241402604373,-0.4999636923467695,0.2700355355640629
1602691241408383040,-0.4999786127586617,0.2700318679933576
1602691241415733467,-0.4999809930667167,0.2700305482119538
1602691241425666624,-0.49997781313819256,0.2700264624087563
1602691241432254845,-0.499970610346837,0.2700214108449088
1602691241440862033,-0.4999889250272624,0.27001316435629813
1602691241449146159,-0.49997007044252995,0.27002227102748166
1602691241455851268,-0.4999669670216291,0.27003138014234457
1602691241466097499,-0.49996642906895333,0.2700322512946882
1602691241471992687,-0.4999775338000558,0.27002357807330984
1602691241481460356,-0.49996757159771277,0.27001943527473804
1602691241488134530,-0.49997507674052355,0.27002974679995323
1602691241501425487,-0.4999645491330875,0.2700386018757123
1602691241503891685,-0.4999780551135081,0.2700237088558514
1602691241511695750,-0.49997624522653095,0.27001825947042385
1602691241522671643,-0.4999779004033202,0.2700167100874581
1602691241529725525,-0.49996782038927895,0.2700357684516181
1602691241540639051,-0.49996967204436343,0.27002111220917896
1602691241543450357,-0.4999710636629422,0.27001769087247146
1602691241551719210,-0.49997737977713186,0.2700155014316009
1602691241561182013,-0.49997515840809537,0.27003703518095906
1602691241567955710,-0.4999713222584724,0.27001956123839527
1602691241580344317,-0.4999651703769655,0.27004782665857885
1602691241583712100,-0.49997624462872015,0.2700252457259546
1602691241591901046,-0.4999734974176987,0.27002820056475735
1602691241600781558,-0.49998381066887854,0.2700303772618462
1602691241607783206,-0.4999771346746539,0.2700252029031756
1602691241621361745,-0.4999707350534041,0.2700172963849988
1602691241623623187,-0.4999803868494192,0.2700234080180672
1602691241632163723,-0.4999743148326399,0.2700295382507829
1602691241642807557,-0.49997582138114227,0.27003204963787
1602691241648025093,-0.49997538414071746,0.2700409369526525
1602691241663354331,-0.49997765421462387,0.2700236169880119
1602691241664988218,-0.4999826975693178,0.27003213490423833
1602691241671628437,-0.49998822607300003,0.27003386059166395
1602691241680823872,-0.49997831807034754,0.2700158000521902
1602691241687975150,-0.49996762609113304,0.2700347084894647
1602691241701020817,-0.49997073059724956,0.27002144970879055
1602691241703795111,-0.49997349945749736,0.2700514409854105
1602691241711678329,-0.4999658826363314,0.2700238055089653
1602691241720529743,-0.49997926986136965,0.2700279586790778
1602691241733273657,-0.49997840051401504,0.27002872733044414
1602691241736503315,-0.4999794210635606,0.2700352364841685
1602691241744785709,-0.49996505291274435,0.27003077088301775
1602691241753092362,-0.49997666950673275,0.27003643625877205
1602691241760910558,-0.49996507954461644,0.2700197219975659
1602691241767652951,-0.4999784115310166,0.27003803492147543
1602691241778463718,-0.49998529152593174,0.2700200253296627
1602691241784350244,-0.4999758454777318,0.27002687053873864
1602691241796652006,-0.4999805267696942,0.27003247719638074
1602691241801964007,-0.4999687847995758,0.27002677146855614
1602691241808372471,-0.499973820084655,0.27003556680878815
1602691241817072843,-0.4999773076255851,0.2700214298980222
1602691241823586336,-0.49997044652714734,0.27003452814417883
1602691241833101376,-0.4999620635005905,0.27003193128730474
1602691241839795004,-0.499987536471177,0.2700096378678411
1602691241850715439,-0.49997514790827696,0.27002074131538034
1602691241856260403,-0.4999764975536832,0.2700374257028066
1602691241874460624,-0.4999763155538998,0.2700221485550546
1602691241879845220,-0.4999862628399929,0.27003011537351296
1602691241889465032,-0.4999711681911546,0.270029569946764
1602691241898355580,-0.4999714088654758,0.2700296477313983
1602691241903796108,-0.4999815713024963,0.2700167996973549
1602691241914734934,-0.49998026648688143,0.2700233691194587
1602691241919930824,-0.4999753030826353,0.2700318950377246
1602691241929825556,-0.4999782944351279,0.27002661796208893
1602691241936829518,-0.4999748877384795,0.27002864069806776
1602691241944196209,-0.49996758417450843,0.27002739536461057
1602691241952558999,-0.4999789071286611,0.2700309284593576
1602691241959728506,-0.4999974597974978,0.2700207145361932
1602691241969359436,-0.49997451751620975,0.2700357876208189
1602691241976391568,-0.4999776392058426,0.27002744086620445
1602691241985308340,-0.499964812338145,0.27003069312598926
1602691241991971133,-0.49998530962155946,0.27001487946117203
1602691241999721626,-0.49997692708420843,0.27002929040604623
1602691242010856890,-0.4999860257505632,0.27000325055334007
1602691242016187464,-0.4999819293978822,0.270028024753895
1602691242026668380,-0.4999727356654248,0.2700279920637532
1602691242032820912,-0.4999669300922883,0.27004143715923673
1602691242041274335,-0.4999828214259879,0.2700252258437884
1602691242051211946,-0.49996852247290957,0.270027694011361
1602691242055688836,-0.4999708216016821,0.2700273828444625
1602691242067068734,-0.4999701956619339,0.27002231149511347
1602691242071991133,-0.49997101696969587,0.27003779493928415
1602691242083379970,-0.4999736997230633,0.27003552790725255
1602691242089191604,-0.49998017099370673,0.2700272152438562
1602691242104993046,-0.4999699795903921,0.2700323021320672
1602691242104997490,-0.49997066210375835,0.270020382557097
1602691242112417497,-0.4999612196514337,0.2700244344544954
1602691242121936624,-0.49997562474521695,0.26999900424536466
1602691242128595387,-0.4999742090093411,0.2700274289615336
1602691242136461714,-0.499976609912779,0.27002120901756166
1602691242144948214,-0.4999743859976118,0.27002644114348817
1602691242152035328,-0.49997174555724816,0.27003494339905265
1602691242163586457,-0.49997539668081065,0.27001387279948924
1602691242168027140,-0.4999588596755406,0.2700329894932087
1602691242175832790,-0.4999766297704151,0.2700302393353614
1602691242184708890,-0.4999778992870411,0.27001954142768275
1602691242191840648,-0.49997144243320957,0.27001960007885917
1602691242202434067,-0.4999748050419929,0.27001576127690397
1602691242208585247,-0.49999453816678013,0.27002572601836067
1602691242215719514,-0.49998442363485374,0.27001770747954046
1602691242224797446,-0.49996243856343753,0.2700247860979591
1602691242232112589,-0.49997608994968334,0.270018246983121
1602691242245418856,-0.4999741709930995,0.2700336005263308
1602691242247565648,-0.4999627705527696,0.2700342349142747
1602691242255898108,-0.49996866453624905,0.270026732599098
1602691242267719166,-0.4999811184535999,0.270030588733101
1602691242271561665,-0.4999758635988979,0.27001609876390886
1602691242283922406,-0.4999866152284302,0.27003849647693934
1602691242287767138,-0.4999623038775918,0.27003200898316665
1602691242297284667,-0.49997054733888524,0.2700366358257626
1602691242304953326,-0.49997963660701356,0.2700210906630534
1602691242311651056,-0.49998034994302,0.2700334650644399
1602691242323984224,-0.49996734775381585,0.2700405271288252
1602691242328642839,-0.4999772550990181,0.27002524182249243
1602691242335838449,-0.49997890288034164,0.2700350818627737
1602691242345243121,-0.49997843837059563,0.27001583892992925
1602691242351538331,-0.4999707017381833,0.2700534156370928
1602691242364371940,-0.4999772426457841,0.2700175696973465
1602691242367865443,-0.49999441378460885,0.2700228539044028
1602691242375666001,-0.49996348729226386,0.27002823207123805
1602691242384966175,-0.49996573141411355,0.27003203041352464
1602691242391636555,-0.4999691146676715,0.2700299604903144
1602691242403932972,-0.4999817259723995,0.2700237984974221
1602691242408418767,-0.499988615071705,0.27001900571798554
1602691242416170569,-0.49998023214861026,0.27001640922585834
1602691242425037536,-0.49997565731193816,0.270022980837968
1602691242432793986,-0.4999660384236184,0.27002797294219366
1602691242441613371,-0.49996709416564356,0.27002834706456663
1602691242448276156,-0.4999810632516352,0.2700287840970934
1602691242457238448,-0.49997076972140836,0.2700044448233281
1602691242464459885,-0.49999111740432706,0.2700246744382178
1602691242472756227,-0.499973820084655,0.27003556680878815
1602691242481228333,-0.49998381066887854,0.2700303772618462
1602691242487720709,-0.49996495927816986,0.27001968312874
1602691242500540051,-0.4999688411715704,0.2700420079608103
1602691242503325437,-0.49997800015018773,0.2700216491068881
1602691242516511474,-0.49997687057024,0.2700303171588673
1602691242520141926,-0.4999671932947113,0.27003352836983135
1602691242530557856,-0.4999720005492285,0.27002775926807077
1602691242536711598,-0.49997569397196,0.27001292386307096
1602691242543798961,-0.4999743949254405,0.2700346802309955
1602691242553712575,-0.4999807400956559,0.2700376956116015
1602691242561000627,-0.49998924096739206,0.27002407721864113
1602691242569867299,-0.4999724898384961,0.2700279126184742
1602691242577089431,-0.4999816721962053,0.2700189073770059
1602691242584307529,-0.4999826835051881,0.2700161198565125
1602691242593671129,-0.49996886095711446,0.27003993924630204
1602691242599936066,-0.49998064725682023,0.27003251613513635
1602691242608855235,-0.4999728212201213,0.2700169161848492
1602691242615988633,-0.4999792441617709,0.27003622433060004
1602691242624118323,-0.4999655572195677,0.27003300879139186
1602691242634669244,-0.4999883691695595,0.27001892625581847
1602691242639571019,-0.4999732819602401,0.27003643790792686
1602691242650611746,-0.4999862298061739,0.2700203239462622
1602691242655345808,-0.4999762882915678,0.2700342756418838
1602691242669522991,-0.49996404235417713,0.2700364006670317
1602691242671736022,-0.4999781066951956,0.27002268051376516
1602691242679809972,-0.4999735682082458,0.27000634265884554
1602691242688734873,-0.4999821206339354,0.2700319530432772
1602691242699701695,-0.4999764216052044,0.27002425790581425
1602691242708824838,-0.4999845783330378,0.27002470632574155
1602691242712858295,-0.4999834821402992,0.27002435684727494
1602691242720642037,-0.49996532571764096,0.2700128152565728
1602691242728059219,-0.4999846475803687,0.2700187871680508
1602691242736503370,-0.4999811343113184,0.2700256869678529
1602691242745971033,-0.49997276492162557,0.27002209777006386
1602691242751842594,-0.4999707649365918,0.27002840955047847
1602691242762806397,-0.49998407701961683,0.270015520393627
1602691242767980993,-0.4999693878831112,0.2700341905880406
1602691242780033794,-0.4999735692448545,0.27002335007765
1602691242783909729,-0.49997044652714734,0.27003452814417883
1602691242791798762,-0.4999913072556907,0.27001879417443425
1602691242801109536,-0.49996148563211,0.2700317491295972
1602691242807917038,-0.4999646000125997,0.2700445598499399
1602691242819590554,-0.49998784656674544,0.2700218820481675
1602691242824246931,-0.49998368936916393,0.27002754372892473
1602691242838873568,-0.4999811184535999,0.270030588733101
1602691242839672963,-0.49996701648562397,0.27003343814011677
1602691242848029089,-0.49997270139416816,0.2700210322211874
1602691242857538192,-0.4999728442846192,0.27003525621221874
1602691242865004760,-0.4999711372293757,0.2700378338092741
1602691242872039497,-0.4999702437549431,0.2700282788020425
1602691242881143217,-0.4999826273014423,0.27003415418852283
1602691242887724568,-0.4999753740542094,0.27002879787060446
1602691242901600280,-0.49995938520248023,0.27003004496421423
1602691242905786963,-0.49997885591523716,0.2700079903160188
1602691242912158082,-0.4999729957530908,0.2700200926837081
1602691242920925379,-0.49996447296930946,0.2700254342110362
1602691242927979539,-0.4999676887189752,0.27002642201050947
1602691242937228561,-0.49996005727646453,0.2700452275032055
1602691242944257118,-0.4999848383584607,0.2700168068397153
1602691242952644057,-0.49998196194299516,0.27003808572509513
1602691242959825469,-0.4999849598560139,0.2700140143548441
1602691242967708380,-0.49997008958426586,0.2700202021361777
1602691242978572629,-0.49998221229172835,0.2700180472503936
1602691242984194072,-0.49997022991802426,0.2700292713078198
1602691243001934385,-0.4999773247078209,0.27004950909314707
1602691243005540730,-0.4999669300922883,0.27004143715923673
1602691243010237304,-0.4999913511265525,0.27003789340679807
1602691243016330939,-0.49998181190033775,0.27001687745203207
1602691243024625866,-0.4999626790145315,0.2700248638134537
1602691243038724635,-0.49998443594191444,0.2700309005001394
1602691243039625833,-0.4999656974468265,0.27004207802840674
1602691243047336217,-0.49996733745946975,0.270028388181056
1602691243062535413,-0.49997067038157345,0.2700356078247081
1602691243065366872,-0.4999723393445285,0.27004029264628815
1602691243078191429,-0.49996969328081337,0.27003812856357884
1602691243080187016,-0.4999676434383034,0.2700367562827774
1602691243087957682,-0.4999797234101717,0.27002423862654357
1602691243098513319,-0.49997304798318115,0.27002321931114603
1602691243106344487,-0.49998202251115037,0.2700239274248638
1602691243117799408,-0.49997522967373914,0.2700339380938217
1602691243120080523,-0.4999854643533332,0.27002187831789665
1602691243133146434,-0.4999856905177474,0.27002402649008794
1602691243136482667,-0.4999851711397964,0.27001998642532343
1602691243145556257,-0.49997001271106745,0.2700302838273001
1602691243152767631,-0.49995549095077607,0.2700277975904543
1602691243159947810,-0.49996658005711275,0.2700461979933924
1602691243167907388,-0.49998645482124043,0.2700253035611662
1602691243177176805,-0.4999677755386418,0.27002956999171207
1602691243184834800,-0.49998106851721985,0.2700048192836397
1602691243195134989,-0.4999693878831112,0.2700341905880406
1602691243200255678,-0.4999732707365788,0.27002713032268916
1602691243208328286,-0.4999736882873861,0.2700262202546937
1602691243217348170,-0.49997687057024,0.2700303171588673
1602691243223889086,-0.49996531338027456,0.2700398789713138
1602691243237857311,-0.499977891125733,0.2700368263015645
1602691243240044997,-0.4999670872216636,0.27003141899385824
1602691243251672325,-0.49996727107963523,0.270027332051115
1602691243257137102,-0.4999759513070805,0.27002897982986157
1602691243264902863,-0.49996647060868044,0.27001908424606835
1602691243272275064,-0.4999727849146123,0.27003112808716895
1602691243279971863,-0.49997247819140495,0.270035137891529
1602691243291262668,-0.4999872958199261,0.27000956009978055
1602691243300451279,-0.4999786990314073,0.2700249470211361
1602691243304254543,-0.49998208637337477,0.27002499307742234
1602691243314789489,-0.49997467200038587,0.2700427864832963
1602691243320538943,-0.4999628634752813,0.2700360242331836
1602691243333072146,-0.4999827502064137,0.27001717607661785
1602691243337164711,-0.49997451751620975,0.2700357876208189
1602691243343803807,-0.4999848566607566,0.27002866853729746
1602691243352743319,-0.49997993485740266,0.2700173581622496
1602691243359993640,-0.4999820726008674,0.27002598559961544
1602691243370151236,-0.4999847858614131,0.2700206188162499
1602691243377461963,-0.4999728205161442,0.27002390240387514
1602691243386705995,-0.4999789440770542,0.2700208714525385
1602691243392235230,-0.4999668751753813,0.2700220089050681
1602691243400125415,-0.49996889016077706,0.270010795399311
1602691243409719042,-0.49996721728519133,0.27002834933915826
1602691243416946912,-0.49996889077315826,0.27002888080432175
1602691243424737406,-0.4999812047374203,0.27002366773914716
1602691243434497921,-0.4999704705666166,0.270029349084486
1602691243440453788,-0.4999766891876387,0.27003436751929444
1602691243449605004,-0.4999611252187082,0.2700316326328848
1602691243455681602,-0.49996320999814536,0.2700382113397819
1602691243468470671,-0.4999666156386747,0.2700333462779043
1602691243471799282,-0.4999773940849528,0.2700315164236369
1602691243483907291,-0.4999855814194505,0.27002886525912745
1602691243488587551,-0.499978680999966,0.2700287802876209
1602691243497646704,-0.4999767502081644,0.2700302782588235
1602691243505037972,-0.4999725761474735,0.2700209917451042
1602691243511793091,-0.4999702202904962,0.2700323799279692
1602691243521041366,-0.49997160352870496,0.2700137333353973
1602691243528307983,-0.49996180035379134,0.2700398400268382
1602691243538526732,-0.4999563518076543,0.27003233677445365
1602691243545060668,-0.4999693451102432,0.2700202615003598
1602691243551722614,-0.49994246358962996,0.2700283618274336
1602691243561725032,-0.4999531379874769,0.27002461338608635
1602691243568396416,-0.49992765567015635,0.2700168749637586
1602691243582604098,-0.49993490048842537,0.270023450137479
1602691243583753474,-0.4999327530703196,0.27001780500880274
1602691243592663399,-0.4999440191488452,0.27001040202417237
1602691243602164154,-0.49996013703304865,0.2700235596929737
1602691243608332374,-0.49993292127280703,0.2700173799949974
1602691243617162172,-0.49994349854386805,0.27001492433058255
1602691243623910057,-0.4999875663698735,0.2700047075900969
1602691243638694678,-0.5000019455035988,0.2700382416666601
1602691243640312151,-0.5000113573633022,0.27005165998684993
1602691243648628516,-0.5000293911824567,0.2700213155817487
1602691243656952001,-0.5000635676070313,0.27004291204742586
1602691243665836103,-0.5000684275960657,0.2700456246342287
1602691243671929124,-0.5000843530397563,0.27005274544184493
1602691243681907549,-0.5001103297171561,0.2700599486051822
1602691243688745846,-0.5001654509364033,0.27005034729166477
1602691243697272666,-0.50020376813082,0.27003736677449613
1602691243704679300,-0.5002175686883773,0.27001808488900936
1602691243711500250,-0.5002608070553142,0.27003647601222425
1602691243722183629,-0.5002755779240838,0.27005405044307706
1602691243727886499,-0.5003044750418024,0.27003603336258
1602691243736967222,-0.5003259987878411,0.2700530920923826
1602691243745308302,-0.5004074862641023,0.2700562784937251
1602691243751844304,-0.5004321266126056,0.2700608726210748
1602691243761970819,-0.5004684712783697,0.27006032487865833
1602691243769006606,-0.5005450381450692,0.2700560569185364
1602691243778576802,-0.5006057342266914,0.27004704989989037
1602691243783629220,-0.5006507930796803,0.27006598725179076
1602691243791434629,-0.5007170166676668,0.27003055348378874
1602691243802103348,-0.5007926073321441,0.2700491726260995
1602691243808803986,-0.5008790087015929,0.27004187283141307
1602691243817146244,-0.5009482937694404,0.27004840659939416
1602691243823423457,-0.501039854829923,0.2700548831160536
1602691243832165495,-0.5011314583622942,0.2700560891094173
1602691243841734931,-0.5012310831036051,0.2700472723298808
1602691243847836248,-0.5013173834037604,0.2700447414073779
1602691243857336936,-0.501430347819061,0.2700229033293168
1602691243864418146,-0.5015332840357456,0.270037031945046
1602691243875386869,-0.5016283976373023,0.2700259970610299
1602691243879626492,-0.5017640374358381,0.27001611699060796
1602691243887827546,-0.5018613802116242,0.27000604392163796
1602691243897213279,-0.5019909937656217,0.27001305830935
1602691243905243599,-0.5021052630699439,0.27000934921114084
1602691243913669132,-0.5022122279898021,0.2700050221761367
1602691243919712340,-0.5023469616046337,0.27001467605392787
1602691243929140124,-0.502483063006784,0.2700255183884207
1602691243936396088,-0.5026206411755986,0.27002716740654487
1602691243944335247,-0.5027665359755484,0.2700209809401512
1602691243951457046,-0.5028904559238009,0.27001998127482013
1602691243961485179,-0.503035554820659,0.2700208347681516
1602691243968646199,-0.5031772699490116,0.2700002021048021
1602691243985031689,-0.5033321096462644,0.2700127636420717
1602691243985049786,-0.5034655252515696,0.2699987261922146
1602691243991862376,-0.503605961509977,0.27000697812397156
1602691244001337107,-0.5037800594214494,0.27000551187368704
1602691244009673292,-0.5039104074813889,0.2700273886472469
1602691244018723114,-0.5040819303818967,0.27002816778075517
1602691244024714671,-0.5042353465790512,0.2700170468916329
1602691244032703122,-0.5043880479051273,0.2700047946422888
1602691244041250134,-0.5045663578767849,0.27000870967418755
1602691244048024442,-0.5047103359225905,0.27000955208143124
1602691244055818772,-0.5048847948989259,0.270003858011585
1602691244067517474,-0.5050437843090908,0.27002078564576093
1602691244071499916,-0.5052068446470217,0.2700085924021865
1602691244084310622,-0.5053653271651836,0.2700259566699263
1602691244088948929,-0.5055294538909212,0.27000296384629935
1602691244095671310,-0.5057118486079927,0.2700217092357196
1602691244104580031,-0.5058899598964077,0.2700328322700047
1602691244111873861,-0.5060962309000053,0.2700197025303528
1602691244122632861,-0.506280686941065,0.27001987429520496
1602691244128247811,-0.5064649836652402,0.26999691684711097
1602691244137494773,-0.5066739990185039,0.27002668603460317
1602691244150807183,-0.5068818132165602,0.27002377803471933
1602691244151756287,-0.5070951216967277,0.27002356281894657
1602691244160191616,-0.5073393465827694,0.27000332993465964
1602691244170328514,-0.5075296331295928,0.2700161729388075
1602691244176011634,-0.507775227075832,0.2700032688626384
1602691244186034424,-0.5079827666202138,0.2700059846729016
1602691244192210680,-0.5081948481618982,0.2700125042429175
1602691244202569123,-0.508455148006729,0.2700008644853801
1602691244207805617,-0.5086972204636215,0.2700039687842373
1602691244215590675,-0.5089518784464004,0.27001103212091293
1602691244225279685,-0.5091612339207543,0.27000492964786815
1602691244232815195,-0.509437290898301,0.2700051077437577
1602691244243443609,-0.5096719376791181,0.2700095947764415
1602691244247813599,-0.5099241825578901,0.27001159320705415
1602691244255795355,-0.5101957881431982,0.2700166354483478
1602691244268884364,-0.5104390835170053,0.26999809879821235
1602691244271251398,-0.5107147420370602,0.2699946134030086
1602691244281670084,-0.5109778103136012,0.2700024500240852
1602691244288911025,-0.5112624153239844,0.26999141587770425
1602691244298874601,-0.5115234282211677,0.2700292514386897
1602691244304147433,-0.5117813299346817,0.2700120190014065
1602691244311921524,-0.5120737808745222,0.2700032256160566
1602691244321646823,-0.512351308777265,0.2700171816197724
1602691244327679844,-0.5126462493391841,0.27001105323094415
1602691244337333759,-0.5129522426368851,0.2700254510713696
1602691244343783557,-0.5132533269133941,0.27000954792817344
1602691244355413620,-0.5135541148216529,0.270030428215396
1602691244359817769,-0.5138280304136462,0.2700244069712837
1602691244368225825,-0.5141361149462083,0.2700374097999274
1602691244378587063,-0.5144123102348097,0.2700329321434533
1602691244383901386,-0.5147341590648413,0.27003500235605893
1602691244391630241,-0.5150508405844064,0.27004208645947064
1602691244403398377,-0.515346779197933,0.27001869170363385
1602691244409119896,-0.5156688141907754,0.27003963693018534
1602691244417153219,-0.516001098873282,0.27002717173322477
1602691244423673252,-0.516338138884143,0.2700117796602785
1602691244436301382,-0.5166674048976602,0.2700269756534045
1602691244439643837,-0.5170064547953194,0.2700238592726059
1602691244447631238,-0.5173116684899666,0.2700275453955169
1602691244456691628,-0.5176099361985836,0.2700445669196132
1602691244465604528,-0.5179406840195411,0.2700167660053333
1602691244476729951,-0.5182616135583856,0.270023751165461
1602691244480822944,-0.5185802841657723,0.27003320670496983
1602691244489165494,-0.5189079564194208,0.27001963772785215
1602691244499690398,-0.5192180199367421,0.2700446445585767
1602691244503538187,-0.5195712128739433,0.2700377402918946
1602691244513931735,-0.5199038885805137,0.27003528224191664
1602691244519655964,-0.5202781343635479,0.27003301611413016
1602691244528515944,-0.5206211267627597,0.27004057919869584
1602691244535823749,-0.5209821221972109,0.27001696738564823
1602691244549288472,-0.5213416382589551,0.2700046643501853
1602691244551663613,-0.5217251586000978,0.27000359883449837
1602691244559729506,-0.5220813712489195,0.2700272804369133
1602691244571688944,-0.5224826200888671,0.2700105473828018
1602691244575540349,-0.5228464185647632,0.2700116307015638
1602691244588894955,-0.523246537626351,0.2700158659221029
1602691244592731945,-0.5236994906213748,0.26999829245602325
1602691244601186947,-0.5240795764392873,0.27001607663326244
1602691244607716365,-0.5244724493306426,0.26999576717451557
1602691244615487695,-0.5248750394504225,0.27002333322054484
1602691244625498941,-0.525289260680722,0.27000614337882517
1602691244633500860,-0.5257050209497921,0.2700065464769263
1602691244640295078,-0.5260856047171266,0.27001961168079847
1602691244648223700,-0.5265090589950229,0.2700163459453809
1602691244655316876,-0.5269390663060594,0.27002147050968917
1602691244666858905,-0.527380182956205,0.270019966666402
1602691244673262014,-0.5277882217228308,0.2700037696685329
1602691244682601871,-0.5282333753589856,0.2699872175818461
1602691244687607439,-0.5287008935903857,0.26998664593415544
1602691244696599703,-0.5291408629753963,0.2699854563904651
1602691244705831365,-0.529619555220769,0.26999683275075115
1602691244711691470,-0.5301010955396437,0.2700026413341752
1602691244720637240,-0.5305699806445976,0.27000791449241096
1602691244730633932,-0.5310323436729653,0.2700156200290294
1602691244740608566,-0.5314921157163076,0.26999674108115373
1602691244743518366,-0.53195644831002,0.2700049569740098
1602691244751654589,-0.5324350859281541,0.2700005517810521
1602691244759702544,-0.5328630263217233,0.27001242842190265
1602691244768832856,-0.5333030193388998,0.2700039853247305
1602691244775706869,-0.533797913511997,0.2699867792355998
1602691244783831945,-0.5342392152496959,0.2699988492550531
1602691244792397818,-0.5347138572758173,0.27001232728007013
1602691244800788811,-0.5351894738438144,0.2699867254495428
1602691244812375038,-0.5356649813373638,0.27000394984106874
1602691244815689281,-0.5361655240643889,0.2699854067532813
1602691244823763311,-0.5366401388569556,0.27000088613355905
1602691244833853761,-0.5371386403915756,0.2699780384923887
1602691244839627117,-0.5376429926760503,0.26998450366723353
1602691244851328582,-0.5381395421827743,0.269980669495143
1602691244855745600,-0.538673021459476,0.26998909024132495
1602691244864168454,-0.5391926083988573,0.2699658719677452
1602691244874099684,-0.5397152343926856,0.2699771835338481
1602691244879688749,-0.5402295569363665,0.2699992502092898
1602691244893188673,-0.5407855219064501,0.26997432692312573
1602691244895623977,-0.541321229340689,0.2699922588213209
1602691244903992346,-0.5418038184746785,0.2699715536131681
1602691244914676638,-0.5422936607330371,0.2699994606409348
1602691244919612671,-0.5428020608128039,0.26998511402549674
1602691244933702857,-0.543334068161581,0.2699699559682101
1602691244937314969,-0.5438636813613912,0.2699851708803002
1602691244943778941,-0.5444086839080535,0.26996698693457827
1602691244953265029,-0.5449611353364591,0.269955349147199
1602691244959326784,-0.5454836493948076,0.269979472550676
1602691244969540703,-0.5460709047147974,0.2699505098124802
1602691244976909779,-0.5466318966001289,0.26997515622303264
1602691244984644990,-0.5471767279166933,0.26996398966918
1602691244992204842,-0.5477395963824885,0.2699402556407088
1602691244999550161,-0.5483003010486547,0.2699546942759989
1602691245009604416,-0.5488737273401306,0.2699652950645992
1602691245015634730,-0.5494414217824269,0.26995182208691754
1602691245025139958,-0.5500553567974795,0.26995775848981285
1602691245032710743,-0.5506372253408812,0.2699579030704986
1602691245043575483,-0.5512274953351235,0.2699663144158244
1602691245047706373,-0.5518271841660471,0.2699676602071092
1602691245055620650,-0.5524002219147108,0.26996619990793375
1602691245067652160,-0.5529814787330982,0.2699588333569829
1602691245071806994,-0.5535556089673962,0.26996238781132814
1602691245082439035,-0.5541645513220952,0.26994524634653566
1602691245087875361,-0.5547226547459821,0.269964820727813
1602691245096097726,-0.5553248560644158,0.2699772482026468
1602691245104545390,-0.5559348591171012,0.269962943577011
1602691245111622282,-0.5565899007680812,0.2699730584753589
1602691245121247852,-0.5571779555155977,0.26998971957532597
1602691245129107030,-0.5578034413865538,0.2699847220680763
1602691245138586172,-0.5583791559791049,0.2699827090432283
1602691245144307793,-0.5589567493042858,0.26997370689210787
1602691245151433129,-0.5595538711547721,0.2699794309890209
1602691245163518535,-0.5601427038896509,0.27000357782562706
1602691245169058081,-0.5607374338309475,0.26997233009506694
1602691245176278023,-0.5613585463846341,0.26996859719856553
1602691245184699721,-0.5619797305059535,0.2699821828510305
1602691245191284175,-0.5626110161855913,0.26997913278270935
1602691245204012932,-0.5632597074657492,0.2699703772094775
1602691245207734891,-0.5639107238847303,0.26996673160414497
1602691245215850805,-0.5645057811651083,0.2699833403125467
1602691245224653485,-0.5651248331767489,0.2699619169761184
1602691245234463716,-0.5657596277260151,0.2699815005099619
1602691245239513771,-0.5663851673334608,0.26997697783902835
1602691245250715791,-0.5669868333115691,0.2699827921740294
1602691245256204956,-0.5676102330752142,0.26998721950261645
1602691245266170778,-0.5682679298287397,0.26996288207794683
1602691245272376386,-0.5689113741314705,0.26995979084146393
1602691245281587356,-0.5695574173803135,0.2699766781116173
1602691245287723361,-0.5702134661949383,0.26996093985728997
1602691245298899200,-0.5707936655073746,0.26997082284564244
1602691245303349279,-0.5714032546786848,0.2699287701259578
1602691245317301760,-0.5720055236822638,0.2699648782565696
1602691245320028188,-0.5726184127098314,0.2699522655836618
1602691245339718507,-0.5731813165389807,0.2699392742462658
1602691245342034849,-0.5737600097750218,0.26996533147845236
1602691245344253549,-0.5743726584167046,0.2699726338864774
1602691245353301236,-0.5749801219090989,0.2699930988400602
1602691245359353568,-0.575586753738969,0.26998591207995903
1602691245368207982,-0.576186356946434,0.26998148852918774
1602691245376872301,-0.5768092211924435,0.26997311040157956
1602691245383582206,-0.577430778407125,0.26995412914767775
1602691245395674915,-0.5780376954259825,0.2699503747293494
1602691245400905111,-0.5786664230971902,0.2699724284389437
1602691245407792305,-0.5792879383693714,0.26996125339471333
1602691245416697655,-0.5799019184604263,0.26995475296999655
1602691245423487018,-0.5805190574757436,0.269972666195533
1602691245437379755,-0.581152691066545,0.2699758478818939
1602691245439689674,-0.581782172108108,0.2699816517852392
1602691245447395482,-0.5824090974293376,0.26996360560983684
1602691245456896554,-0.5830390056511812,0.2699526404354656
1602691245468369378,-0.5836602448026408,0.26994529287534125
1602691245475578093,-0.5842843470169806,0.26995994403142914
1602691245480958502,-0.5849425113910085,0.269936775267425
1602691245488476612,-0.585522195610712,0.26994636824816476
1602691245499955230,-0.5861302822376374,0.26996200792730657
1602691245503279571,-0.5867549777749298,0.26995205968897806
1602691245513663119,-0.5873876722608434,0.26993543551728
1602691245520544180,-0.5879937940507757,0.2699339483014526
1602691245533524870,-0.5885863465630324,0.26993706055866556
1602691245535843471,-0.5891913361086166,0.2699569471694814
1602691245543671679,-0.5898128028912831,0.2699477964406381
1602691245553442443,-0.5904319169524304,0.26994267763252433
1602691245560893607,-0.5910502862271406,0.2699498764734215
1602691245568562795,-0.5916482283229244,0.26993078997466624
1602691245575819043,-0.5922585790046221,0.2699344770544429
1602691245583599943,-0.592872894699347,0.2699477517246056
1602691245594389591,-0.5934767531478594,0.26994909674019335
1602691245600323171,-0.5940809385953465,0.2699364344252726
1602691245609848286,-0.594662887432728,0.2699356678496066
1602691245616083108,-0.5952558171431912,0.26991864926880293
1602691245623307269,-0.5958690503391652,0.2699237181922765
1602691245635548033,-0.5964725074650508,0.26993246807748633
1602691245640357113,-0.5970679865897961,0.2699389026283711
1602691245655298659,-0.5976516737225338,0.26991827923762035
1602691245655369485,-0.5982512733927144,0.26994268187827897
1602691245664281298,-0.5988261666667334,0.26994435030791486
1602691245673380793,-0.5994377035905308,0.26994275482693714
1602691245679897286,-0.6000549694592896,0.26993339169532204
1602691245689159234,-0.6006425574717504,0.26994565042397173
1602691245699027949,-0.6012702437171389,0.2699458736292644
1602691245703483265,-0.601890156656405,0.26992147516179216
1602691245715359505,-0.6025050584849216,0.26993542418120653
1602691245720062496,-0.6030400271694342,0.2699293297912835
1602691245730663506,-0.6035731308047739,0.26993674344492724
1602691245735690723,-0.6041499149541838,0.26991539188025293
1602691245743559125,-0.6047083892536834,0.26993137554948826
1602691245753774328,-0.6052449066848898,0.2699322543462491
1602691245759749234,-0.6057978631280447,0.2699233140166763
1602691245769584842,-0.6063339284412473,0.2699425331426856
1602691245776731226,-0.6069054749639563,0.26992820292376846
1602691245787413012,-0.6074609076428827,0.269936434775177
1602691245792476425,-0.6080003844042885,0.26992328735171844
1602691245800952159,-0.6085003902399221,0.2699368780814613
1602691245814605042,-0.6089841640484485,0.2699351849849195
1602691245816311426,-0.6095254945768696,0.2699100619673406
1602691245823448729,-0.6100223603303223,0.2699281450596361
1602691245834245404,-0.6105466868086373,0.26993912689797356
1602691245839798336,-0.6110810564844951,0.26991615223004806
1602691245847616438,-0.6115827142026876,0.2699446901396949
1602691245856536421,-0.6120856580985603,0.2699056695696316
1602691245863765136,-0.6125782739235643,0.2699142898356817
1602691245873199594,-0.6131220470917332,0.26989848700783503
1602691245880950733,-0.6136234747939885,0.269870343456187
1602691245888805018,-0.6141291411874267,0.2698956227478105
1602691245899886759,-0.6146280674290527,0.2698914827885336
1602691245903658900,-0.6151235036069853,0.26989274755664827
1602691245914118495,-0.6156480919530484,0.2698999313420562
1602691245919640624,-0.6161707930863491,0.26991862091409513
1602691245929149725,-0.6166785355991317,0.26989243252562084
1602691245935805054,-0.6171848751605703,0.26990414038747124
1602691245943608062,-0.617689265184203,0.2698845856165754
1602691245954506515,-0.6182085653842497,0.26989661214595634
1602691245959549211,-0.6186693600399183,0.26990176139492394
1602691245969541543,-0.6191567733336795,0.269889256127502
1602691245975641027,-0.6196348533219086,0.2698987512148377
1602691245986733198,-0.6201225007653575,0.26991950515791563
1602691245991895169,-0.6206006948234523,0.26990492938032284
1602691246002711976,-0.6210779014432742,0.26990036868371553
1602691246008550767,-0.621546317639257,0.2698921820263412
1602691246015620818,-0.6220363770613548,0.26989675557625176
1602691246025420939,-0.6225241052397746,0.2698985286074463
1602691246032743211,-0.6230090874547242,0.26992701624717513
1602691246040824625,-0.6234607105219847,0.2699004166688064
1602691246047755396,-0.6239238546834566,0.2698892069419503
1602691246056180394,-0.6243670542564068,0.26990551545315156
1602691246066213249,-0.6248299632796704,0.26990480183485904
1602691246071983064,-0.6252314670876069,0.26989103071651
1602691246082640960,-0.6256671576358667,0.26991267968695903
1602691246087646851,-0.6260971880373293,0.2699049157299674
1602691246102575238,-0.6265092028088232,0.26993070442395334
1602691246105306915,-0.6269422449028038,0.2698988329262978
1602691246112007007,-0.6273626249231108,0.2698775724012372
1602691246120872110,-0.6277659059745371,0.26988870694251765
1602691246127497316,-0.6281821456604236,0.26988300656047165
1602691246139969315,-0.6285782214757755,0.26990205434294007
1602691246144042346,-0.6289711021430668,0.2698937921689881
1602691246160265687,-0.6294000446031454,0.26990233363008737
1602691246160269379,-0.6297911292809252,0.26992432778283487
1602691246167647605,-0.630212393026355,0.2698901437260756
1602691246178200852,-0.630613659166798,0.26991734089482283
1602691246183311485,-0.6310414051060715,0.26990963151004205
1602691246192394294,-0.6314383954769356,0.26990098128367246
1602691246203291345,-0.6318502015772955,0.26991369281422517
1602691246207786567,-0.6322386899087221,0.2699016570313881
1602691246218684690,-0.6326173701139978,0.2698984600392418
1602691246223365371,-0.6330025318056534,0.26990950869687547
1602691246238288972,-0.6333598619563763,0.2699335545383906
1602691246241060144,-0.6337367856841295,0.2699063894550875
1602691246251042035,-0.6341068224018833,0.2699040121108009
1602691246257092517,-0.634491922694725,0.26991458431088666
1602691246265536727,-0.6348516531313689,0.269920235780839
1602691246273306735,-0.6352301633814724,0.26993623349503754
1602691246279383145,-0.6356203275272017,0.26991926730887866
1602691246289319523,-0.6359885522405857,0.2699396622375072
1602691246297205343,-0.6363693626228221,0.26995567429714745
1602691246303824461,-0.6367744130855327,0.26994055824409363
1602691246313087581,-0.6371530483239422,0.26994524792986563
1602691246319688421,-0.6375539868000536,0.26992875547502315
1602691246327554543,-0.6379097264760208,0.2699721447057325
1602691246338397460,-0.6383299714593935,0.2699267247244502
1602691246343558020,-0.6387204906910802,0.2699450660376633
1602691246352409943,-0.6391130403339468,0.2699185751606007
1602691246359498528,-0.6395235995418632,0.26991190918428226
1602691246371741831,-0.6399281345547955,0.2699075053720365
1602691246375658315,-0.6403105308054142,0.2698791251014457
1602691246383511623,-0.640673367221543,0.2698889181284726
1602691246392981749,-0.6410129566529001,0.2699169819147376
1602691246402099836,-0.6413962466595426,0.269907304601688
1602691246411322232,-0.6417518466515096,0.26993116438967896
1602691246416567660,-0.642123012487268,0.269896247037019
1602691246423930896,-0.6424351849549622,0.26990842507005985
1602691246432229207,-0.6427465306318508,0.26993143532290753
1602691246439466572,-0.6430998567961443,0.2699207635207912
1602691246449271967,-0.6434415609297596,0.26992036520749224
1602691246456557404,-0.6437572777799603,0.26989890958822815
1602691246465575564,-0.6440565094713183,0.2699198355319597
1602691246471706172,-0.6443922161587154,0.26987059524825285
1602691246479437790,-0.64472606166851,0.2699008818747569
1602691246489940699,-0.6450359928240278,0.2698784277121932
1602691246498789483,-0.6453415239541335,0.26988023002325384
1602691246503658552,-0.6456597218851641,0.2698898018133289
1602691246512837541,-0.6459685706615648,0.2698658704492304
1602691246519977400,-0.6462710318396324,0.26990036466657963
1602691246529726410,-0.6465688048233157,0.26988888460210964
1602691246535680228,-0.6468804153355325,0.26988206534244824
1602691246543986925,-0.6471451152442805,0.26990080904265706
1602691246553004720,-0.6474704269117095,0.2698625493760045
1602691246560529299,-0.6477638568220283,0.26988988008546366
1602691246569894833,-0.648054463867634,0.2698678427118779
1602691246575391109,-0.6483403391502611,0.2698871600089081
1602691246583486084,-0.6486035796713929,0.2698982650333701
1602691246592395235,-0.6488852870109142,0.2698759455426605
1602691246602495405,-0.6491631202802107,0.26990273429694533
1602691246611456741,-0.6494611374130905,0.26987411981353837
1602691246615950949,-0.6497372326111871,0.2699058335442671
1602691246623572698,-0.6499953945083778,0.26985436123357853
1602691246635281082,-0.6502458144578329,0.2698804907059088
1602691246639623094,-0.6505092005757893,0.2698940137118181
1602691246651280730,-0.6508031037221773,0.2698732837399906
1602691246657120816,-0.6510630501584705,0.2698899570194867
1602691246664591137,-0.6512988554945108,0.2699022286815585
1602691246672124812,-0.6515713151430247,0.2698877386317668
1602691246679407374,-0.6518282699265797,0.2698766061517748
1602691246691397227,-0.6520659853485471,0.26988580732461237
1602691246696195967,-0.6523183676319393,0.2699148418439665
1602691246706770180,-0.652581353934389,0.26988735988518575
1602691246711961868,-0.6528256779587563,0.2698962361593791
1602691246719554372,-0.6530967597492418,0.26987842743353063
1602691246731600693,-0.6533329113155338,0.26988603110041415
1602691246735952834,-0.6535990950079789,0.2698951818579117
1602691246746579414,-0.653847763945967,0.2698801049434207
1602691246751499306,-0.6540933780211644,0.26989490371795705
1602691246768667273,-0.6543283388505053,0.2698774837413796
1602691246772561356,-0.6545633762104599,0.2699072344349665
1602691246775386797,-0.6547936140308085,0.26991695492522605
1602691246784862383,-0.6550119928613196,0.269892383638625
1602691246791797820,-0.6552441925516457,0.2699137217884082
1602691246800430070,-0.6554663368811611,0.26991915098409736
1602691246810985493,-0.6556919668229004,0.26991865691541994
1602691246815655566,-0.6558907983124834,0.26990463524260316
1602691246824742177,-0.6561218033785489,0.26990177612251964
1602691246834035687,-0.6563441550093596,0.2699251085197519
1602691246843797341,-0.6565745324407503,0.2698942647688277
1602691246847618355,-0.6567915014462675,0.26991929601430886
1602691246855611420,-0.6570277556090972,0.26990484886641847
1602691246865163088,-0.6572179527753372,0.26991771528514424
1602691246871802555,-0.6574578807384535,0.2699303976847875
1602691246884608587,-0.6576774913415722,0.2699098891521127
1602691246888700196,-0.6578911641094125,0.26992402062270393
1602691246900995625,-0.6580954643931172,0.2699007138198174
1602691246905283217,-0.6582934937084355,0.26989870160762813
1602691246911550128,-0.6585122079153165,0.269887005084494
1602691246921108160,-0.6587084862092203,0.2698850732351436
1602691246927534058,-0.6588972358036931,0.2699063023055568
1602691246936732580,-0.659087198458764,0.26990360104735683
1602691246944204122,-0.659289323742083,0.2699223865727281
1602691246951612933,-0.65948507716837,0.26993275233361763
1602691246961812147,-0.6596946844990598,0.2699196109968324
1602691246968320083,-0.659881455153736,0.26994630806528264
1602691246976102300,-0.660075804373408,0.26991971143478066
1602691246983293014,-0.6602552331785743,0.26991980405309784
1602691246994016614,-0.6604625980156266,0.26989745010466143
1602691247000690466,-0.6606344314168447,0.26994277216236895
1602691247014706046,-0.6608142453702136,0.2699321165004501
1602691247015930069,-0.6609833581976472,0.2699304421810264
1602691247023575238,-0.6611745197440103,0.26991845075854015
1602691247033624571,-0.6613482094006076,0.26989660503542584
1602691247040188957,-0.66151781517845,0.2699153905601066
1602691247050742130,-0.6616931432561894,0.2699008165703728
1602691247056288324,-0.6618706928163054,0.26990427494445296
1602691247063482853,-0.6620503846925457,0.2699411629795817
1602691247073800998,-0.6622555589548065,0.26989920210501095
1602691247080795962,-0.6624394932248192,0.26992395215863624
1602691247090580495,-0.6625874269671581,0.26991096715836715
1602691247095543183,-0.6627491908504453,0.26992063483421785
1602691247104727122,-0.6629253025701816,0.2699231474350388
1602691247115853369,-0.6630886853353283,0.2699240169929215
1602691247119636576,-0.6632491649369557,0.2699304021495968
1602691247128673462,-0.6634157669605483,0.2699274327771577
1602691247135874814,-0.6635724183295221,0.269926625340819
1602691247147569643,-0.6637482742884805,0.2699151796560697
1602691247152031068,-0.6639099484111853,0.2699226853165339
1602691247160908738,-0.664070050360705,0.2699381009616449
1602691247167812948,-0.664224021028648,0.26990207370585045
1602691247175407038,-0.6644000498457729,0.2699348597769557
1602691247185527818,-0.6645690159523727,0.2699320218411495
1602691247192108028,-0.66476159572881,0.2699375441639243
1602691247206173407,-0.6649353654630361,0.2699178599135295
1602691247207592575,-0.6651079728153266,0.26994417680696375
1602691247219736758,-0.6652917095095628,0.2699390317928327
1602691247223656794,-0.6654663273539115,0.269953206820017
1602691247231881293,-0.6656396682516774,0.26993000804832556
1602691247240835847,-0.6658308930863683,0.2699051294040166
1602691247247441423,-0.6659988322841552,0.26990767517197967
1602691247257788660,-0.6661655893084764,0.2699059604618525
1602691247265077063,-0.666341957387523,0.2699061891888253
1602691247272652247,-0.6664801882280493,0.2699227814012261
1602691247279424030,-0.6666279791298507,0.26992477114253155
1602691247288255801,-0.6667958370081877,0.2699407322195837
1602691247296084266,-0.6669480077914157,0.2699366975323762
1602691247303984711,-0.6671082693403414,0.26994203537465866
1602691247317633593,-0.6672299722567324,0.269951109536328
1602691247320456919,-0.6673863160878476,0.2699286371026815
1602691247334827475,-0.667547077898393,0.2699433969231376
1602691247336355812,-0.6676736317849732,0.2699541264903944
1602691247343518388,-0.6678050165786529,0.26996026521819266
1602691247354357038,-0.6679310246597436,0.2699484416878067
1602691247360578297,-0.6680614362360864,0.26997343947697683
1602691247371952981,-0.6682166517455581,0.2699796970725076
1602691247375725068,-0.668353017997818,0.2699417889478528
1602691247383513393,-0.668453080752916,0.2699650642914959
1602691247394656555,-0.6685436072436556,0.2699643118049905
1602691247400312308,-0.6686489597962655,0.2699981309705622
1602691247408872731,-0.6687917884103043,0.26993550189231347
1602691247415717297,-0.6688788449686781,0.2699813806062905
1602691247423605463,-0.6689864813384674,0.26997581403741466
1602691247435660197,-0.6691093641829196,0.2699543726972366
1602691247439522431,-0.6692360805125834,0.26996100575189086
1602691247450171044,-0.669350416882858,0.26993051893500847
1602691247456215479,-0.6694505561232531,0.26993379199209017
1602691247473732135,-0.6695510321081397,0.2699439064312848
1602691247473767670,-0.6696614690081464,0.2699396445722546
1602691247479882784,-0.6697806901686039,0.2699283657253677
1602691247489173795,-0.6698989996622741,0.2699249723384152
1602691247496526630,-0.6699982658247899,0.269952696608952
1602691247504575826,-0.6701160750499662,0.26994485045104183
1602691247512018287,-0.6702258053083342,0.26992849915871286
1602691247519785247,-0.6703284618056862,0.26991949646593594
1602691247529766707,-0.6704184942151055,0.2699313517685024
1602691247536351469,-0.6705241825968191,0.26993324329602286
1602691247544718365,-0.67065173557215,0.26990977984679115
1602691247552517096,-0.6707617365236554,0.2699395904447088
1602691247560343153,-0.6708955253334961,0.2699085947024966
1602691247573810871,-0.6710148614251853,0.2699070811875454
1602691247576095596,-0.6711633728507177,0.2699442033034514
1602691247589920362,-0.6713235748910807,0.26992015859733126
1602691247592424358,-0.6714436480952699,0.269929051921888
1602691247606411134,-0.6715875148352778,0.2699173882960527
1602691247609198622,-0.6717430641995793,0.2698991996351141
1602691247615797581,-0.6718661149804245,0.2699257851583072
1602691247626688288,-0.6719937829942509,0.2698634439082004
1602691247631682446,-0.6720987492043198,0.269904792523213
1602691247644451844,-0.6722171442549832,0.26991137289460737
1602691247647757704,-0.67235612923189,0.2699364262061156
1602691247655553834,-0.6724982955128693,0.26992436691041194
1602691247668125363,-0.6726520860950531,0.26993692674214553
1602691247671437118,-0.6727768208144039,0.26992982712131897
1602691247683274968,-0.6728952777246273,0.26993332504558576
1602691247687897783,-0.6730282212283805,0.2699569310543279
1602691247696956773,-0.6731277845692293,0.26991586815435975
1602691247705298398,-0.6732031151333873,0.26991351686672616
1602691247711674761,-0.6733266030732757,0.26991218238591236
1602691247726300477,-0.6734179638213067,0.2699212826476719
1602691247728433077,-0.6735092755847185,0.2699269607422873
1602691247739330669,-0.6736056731978416,0.2699223180838543
1602691247743731316,-0.6737030845556573,0.26994163951513855
1602691247754902542,-0.6737790380370324,0.26996967112770676
1602691247759861395,-0.6738878168848235,0.26996966859865207
1602691247768306225,-0.6740038177737813,0.2699344227311457
1602691247781568116,-0.6741167979669834,0.26991777430686226
1602691247783784651,-0.6742131172995772,0.26992725310195814
1602691247795213441,-0.6743374371511592,0.2699050865140024
1602691247801268944,-0.6744169281856441,0.2699316684859271
1602691247807396167,-0.6745352130137114,0.26993715699767384
1602691247818039469,-0.674617902352672,0.2699391631869129
1602691247823802384,-0.6747301190560848,0.26993445705338426
1602691247837317061,-0.6748312445209854,0.2699359366254143
1602691247841165044,-0.6749447099815364,0.2699207502914339
1602691247847941291,-0.6750441783869309,0.26992382841846724
1602691247856768277,-0.6751058984256438,0.2699503167570276
1602691247863412975,-0.6752248345811532,0.2699460806917647
1602691247873490524,-0.6753187323184772,0.2699428556168673
1602691247881445725,-0.6753849928160032,0.2699520470094027
1602691247894626077,-0.6754849982372173,0.2699474229292261
1602691247895904778,-0.6755646729122713,0.2699537667385123
1602691247903623019,-0.675653445471513,0.2699523503413315
1602691247913399532,-0.6757512358788298,0.26994858001913385
1602691247920509393,-0.6758928090683205,0.2699309005117186
1602691247928903245,-0.6760301153344174,0.26994718568781284
1602691247936185949,-0.6761463565607851,0.26994086600910533
1602691247945144689,-0.6762893199765883,0.2699276066484639
1602691247953525065,-0.6764234279874425,0.2699414483876487
1602691247959659637,-0.6765362522614258,0.26991131243280936
1602691247971684137,-0.6766505958158896,0.2699259529062144
1602691247975532106,-0.6767819543162498,0.26991128683791527
1602691247986682897,-0.676893551572929,0.2699221993883907
1602691247992192891,-0.6769779525592545,0.2699409831579447
1602691248005359172,-0.6771178475444464,0.26992628190559464
1602691248008135461,-0.6772478687330876,0.2699278549874527
1602691248015356740,-0.6773271503171802,0.26995128352504993
1602691248029604090,-0.6774558442365939,0.26991454460651343
1602691248034080525,-0.677565590590179,0.2699534551590557
1602691248040111362,-0.6776957673067324,0.26993677439093283
1602691248048765909,-0.6777948939374042,0.2699440042244906
1602691248055420805,-0.6779011079628782,0.2699363390216379
1602691248068650251,-0.6779875944111118,0.269929509287746
1602691248071946301,-0.6780952438096844,0.2699278601188251
1602691248080353224,-0.6782208811326582,0.26994475719803435
1602691248088651714,-0.6783332683180043,0.2699442281745725
1602691248095263746,-0.6784192056263306,0.2699568837289466
1602691248105590086,-0.6785399159383803,0.2699446936154107
1602691248112366740,-0.6786357542719555,0.2699562893127046
1602691248128283675,-0.6786866905717954,0.26990624583168427
1602691248128317672,-0.6787357543356695,0.26991503752846024
1602691248136137054,-0.6788208207020714,0.26991541634099603
1602691248145850324,-0.6788780493221516,0.2699217107551847
1602691248151564594,-0.6789370431500575,0.26993132061596853
1602691248162085052,-0.679023762367035,0.26991530412339504
1602691248170535292,-0.6791008330190629,0.26994710904683
1602691248180752980,-0.679166879769007,0.2699412302549899
1602691248183662404,-0.679238225808938,0.2699471656249883
1602691248191651759,-0.6793036931206021,0.26993064932876354
1602691248201700884,-0.6793761754026789,0.2699235749984478
1602691248207535931,-0.6794371693418293,0.26993592161297153
1602691248217819773,-0.6794975250841827,0.26993858071153765
1602691248226714714,-0.6795713327885281,0.2699463819769231
1602691248238625521,-0.6796237648830928,0.2699342923349635
1602691248240371852,-0.6797000987557246,0.2699332362994116
1602691248247380394,-0.679743370905695,0.26995298451009414
1602691248257095061,-0.6798159275672591,0.26994222387727224
1602691248264847548,-0.6798735301278301,0.26995267766343706
1602691248274624535,-0.6799383612957189,0.26992653989268295
1602691248280167600,-0.6799840921977327,0.26994036350558165
1602691248287381491,-0.6800525460348422,0.26993340830185514
1602691248297342285,-0.680097958168362,0.2699281047100243
1602691248303960850,-0.6801539084464298,0.26994204574714076
1602691248313415011,-0.6801878884459667,0.2699317791240105
1602691248319597582,-0.6802436063396032,0.269941835416322
1602691248328523676,-0.6802910449645856,0.2699228139106641
1602691248339240294,-0.6803600641753198,0.2699348999038383
1602691248343566283,-0.6805026399308273,0.2699261893633236
1602691248352518748,-0.680636962022305,0.269934418283312
1602691248359120879,-0.680713530360974,0.269942362693447
1602691248373842272,-0.680806947309284,0.2699308945813448
1602691248376280549,-0.6809284004847744,0.26991553667164225
1602691248383934175,-0.6810179647663933,0.26994087961391505
1602691248392214787,-0.681115257341108,0.26991075992084446
1602691248400028982,-0.6812236147126287,0.26991107411649845
1602691248408370418,-0.681324164550308,0.26987935789326534
1602691248415915555,-0.6814338213005225,0.269892243104649
1602691248424416076,-0.6815273760761346,0.26989025314515147
1602691248433363475,-0.6816157187053379,0.2699037120298476
1602691248439356180,-0.6816656896389622,0.26993733412786186
1602691248450107235,-0.6817362477009414,0.26991841270490674
1602691248455531552,-0.681798748453731,0.2699167870046546
1602691248469170141,-0.6817414895644988,0.2699376745552344
1602691248472662526,-0.6817416670818821,0.26992063653292775
1602691248480028554,-0.6817776666416209,0.26992425396655934
1602691248492367910,-0.6817320646295506,0.2699426665541255
1602691248496371113,-0.6817360619668087,0.26994160524685334
1602691248504751079,-0.6817253887493093,0.2699370462696835
1602691248511939250,-0.6817386954525997,0.26993502847317996
1602691248519238958,-0.6817417806828826,0.2699429369642812
1602691248529196996,-0.6817414797669676,0.2699179335830618
1602691248536901597,-0.6817405170483929,0.26991669766174226
1602691248550823018,-0.681733736465935,0.26994991119487316
1602691248551234408,-0.6817508769565025,0.26992011448032505
1602691248560237924,-0.681736808241816,0.26991483925662396
1602691248573538679,-0.681744776851253,0.2699344172263741
1602691248575804083,-0.681726098696008,0.2699501804774142
1602691248584585587,-0.681731832499339,0.2699375113751199
1602691248591248307,-0.6817455918038199,0.26992775094285415
1602691248602434336,-0.6817425802354865,0.26992505719487353
1602691248608994603,-0.6817358489402204,0.2699425293748995
1602691248615672862,-0.6817303441248277,0.26992422237858366
1602691248623971034,-0.6817257347977231,0.26992315263658806
1602691248631383827,-0.6817488403406141,0.2699275113944515
1602691248641960567,-0.6817481866399991,0.26990824935628943
1602691248648672295,-0.6817242751882862,0.2699388428466234
1602691248656981920,-0.6817335290984868,0.26993997482235454
1602691248663620341,-0.6817483602175123,0.26992155118363054
1602691248675634753,-0.6817313927296441,0.26993334644343725
1602691248679891572,-0.681743130338182,0.26992516375307457
1602691248687595470,-0.68174370525254,0.2699341644050725
1602691248696364886,-0.6817395795384593,0.2699362588789274
1602691248703692378,-0.6817389385162579,0.2699173546491569
1602691248715581327,-0.6817348080191671,0.2699501640315687
1602691248719992558,-0.6817354478421275,0.26993837366091644
1602691248728398049,-0.6817349325570634,0.26993518008036455
1602691248738574963,-0.6817297529179335,0.26992992966046975
1602691248743556674,-0.6817405533091875,0.2699255923932826
1602691248753439121,-0.6817437684913394,0.26991644864092573
1602691248759549847,-0.6817090520690432,0.26995343700869084
1602691248774431881,-0.6817366578097924,0.2699355983314906
1602691248775630270,-0.6817266830421952,0.26993838934928555
1602691248786445314,-0.6817311046223017,0.26993229020383497
1602691248791391309,-0.6817315253617304,0.2699234922323776
1602691248800319745,-0.6817335413569896,0.26992598347382246
1602691248808667847,-0.681725766293388,0.2699310400816607
1602691248815443329,-0.6817270242169856,0.26992348848873193
1602691248823178094,-0.6817168670058276,0.2699552168411005
1602691248833904907,-0.6817296662720702,0.2699210352320369
1602691248840598422,-0.6817218001299556,0.26992226260857777
1602691248851163453,-0.6817289994040273,0.26991201809881016
1602691248855563554,-0.6817221232075025,0.2699094075441199
1602691248867859960,-0.6817203895616095,0.2699297807888767
1602691248872157944,-0.6817260075465665,0.2699191764806264
1602691248879858195,-0.6817098616853626,0.2699263289680805
1602691248893718446,-0.6817264667237942,0.26992434979483076
1602691248896501434,-0.6817225791910586,0.2699166394884466
1602691248908628696,-0.6817323159507832,0.2699148105583905
1602691248911864457,-0.6817329548150327,0.26993269794440156
1602691248919473498,-0.6817293309102461,0.2699229866439803
1602691248930865159,-0.6817166168732761,0.2699190192072716
1602691248936367522,-0.6817202285220243,0.2699130242925358
1602691248947613741,-0.6817202285220243,0.2699130242925358
1602691248951506523,-0.6817095214272055,0.269927273182337
1602691248959614431,-0.6817210276871736,0.2699210658965469
1602691248971308748,-0.6817310612101044,0.2699042375504336
1602691248975229216,-0.6817214480987531,0.2699123032895563
1602691248987342036,-0.6817273773123922,0.26992252009698614
1602691248992716734,-0.6817111364103859,0.2699129340803546
1602691249000406864,-0.6817196647005974,0.26992960133519456
1602691249008221722,-0.6817209229191041,0.26992204988669943
1602691249015402932,-0.6817258114746844,0.2699402001575265
1602691249025140943,-0.6817171527299842,0.2699123051553708
1602691249032914415,-0.6817136933898245,0.26993229519868206
1602691249046284727,-0.6817218032953976,0.26989628593567344
1602691249047941583,-0.6817318991822541,0.2698907598746506
1602691249055179454,-0.6817364050220123,0.26992462020296826
1602691249070860754,-0.6817184509534122,0.26992551944232246
1602691249073547359,-0.6817182425305549,0.2699224549618406
1602691249080169164,-0.6817230195044895,0.2699003581248106
1602691249089882428,-0.6817317841069601,0.2699156770423504
1602691249095145719,-0.6817184636520259,0.269920479375382
1602691249107032483,-0.6817135361418354,0.2699172928253215
1602691249112094920,-0.6817199533761306,0.269910917645593
1602691249119984282,-0.681724140592245,0.2699139231208311
1602691249128234397,-0.6817223190273685,0.26992337774071634
1602691249136132781,-0.681726419646428,0.26992229139291896
1602691249145141770,-0.6817165146711432,0.2699210199604025
1602691249151857456,-0.6817354164061072,0.2699165041202672
1602691249159542242,-0.6817080876416614,0.2699391337051277
1602691249171735635,-0.6817255702100805,0.2699231286979664
1602691249175057665,-0.6817210940567145,0.2699190314866591
1602691249185541030,-0.68172726940596,0.2699245196220046
1602691249192918311,-0.6817267201924635,0.26991451121218774
1602691249203754756,-0.6817238240783093,0.269932598292491
1602691249207799261,-0.6817236346057337,0.26991278383897926
1602691249216211778,-0.6817212060195401,0.26991803896455224
1602691249227471436,-0.6817242824698873,0.26991875829190953
1602691249231780458,-0.6817170851592377,0.26992901319264584
1602691249240786384,-0.6817122767037931,0.26992689318498775
1602691249247455797,-0.6816974689379213,0.2699346591244348
1602691249258648446,-0.6817235249905814,0.2699137667969361
1602691249264724925,-0.6817097255210219,0.2699453464900039
1602691249271827658,-0.6817312720484445,0.2699125141268135
1602691249281087359,-0.6817298631037068,0.2699131961168302
1602691249287697276,-0.6817284322094435,0.2699268412347005
1602691249301570806,-0.6817246633210068,0.26989898171941756
1602691249305200201,-0.6817257467391642,0.26992517754182865
1602691249311842780,-0.6817312720484445,0.2699125141268135
1602691249320102987,-0.6817181661816347,0.2699224045864111
1602691249327792605,-0.6817097163856126,0.2699354596846776
1602691249337510470,-0.6817182592357347,0.2699183866327522
1602691249345162990,-0.681727814339051,0.2699324947803341
1602691249352953913,-0.6817228714470764,0.26991363666286694
1602691249359673888,-0.6817279058946731,0.26991478814810144
1602691249370704727,-0.6817198463229208,0.26991291736278716
1602691249380869004,-0.6817261411815353,0.26990513438425423
1602691249383741725,-0.6817197621927671,0.26990164904700426
1602691249392682926,-0.6817239582030349,0.2699227344144458
1602691249400001052,-0.6817180989865436,0.26994728134560086
1602691249407170328,-0.6817178139820527,0.26992132094042964
1602691249417781552,-0.6817225673219462,0.26991353810431923
1602691249423508621,-0.6816997802991099,0.2699533044592582
1602691249435730953,-0.6817235416056815,0.26992947385064875
1602691249439537433,-0.6817221608681171,0.26993935927428164
1602691249450357832,-0.6817333840930148,0.2699249078996589
1602691249455907698,-0.6817197990033914,0.26991973755595716
1602691249464534110,-0.681715237326038,0.26991184775480487
1602691249473937158,-0.6817210810784362,0.2699210412831889
1602691249479429668,-0.6817235378285791,0.26993153237739737
1602691249489907257,-0.6817156664315188,0.2699198082535671
1602691249495388667,-0.6817266454966481,0.2699062833748502
1602691249507026479,-0.6817280594205407,0.2698967066438345
1602691249511497396,-0.6817100972523731,0.2699273950414884
1602691249524617956,-0.6817163041938803,0.26993598790847817
1602691249527308058,-0.6817129456432601,0.2699382365351931
1602691249543951328,-0.6817150602552932,0.26992953873114006
1602691249551531956,-0.681735847910237,0.2699094154907301
1602691249564501276,-0.6817112674033848,0.2699286650415952
1602691249570244246,-0.6817239541157253,0.2699217274043608
1602691249575932216,-0.6817210228709529,0.26993398561385273
1602691249584243085,-0.681720803992078,0.26991314605553646
1602691249591512029,-0.6817224526509275,0.26990431987680674
1602691249602962604,-0.6817111557161037,0.2699296576284769
1602691249608549199,-0.6817246204637125,0.26990680895267605
1602691249618757126,-0.6817152395683356,0.26991286444051943
1602691249623719733,-0.6817144824442763,0.2699294235616682
1602691249631610370,-0.6817307089063893,0.2699144173524417
1602691249641744780,-0.681722344432169,0.26990325387873987
1602691249648451076,-0.6817240679882156,0.2699217514942245
1602691249656714910,-0.6817108731768395,0.26992653317136717
1602691249663333638,-0.6817178714594518,0.2699472332077127
1602691249671476769,-0.6817184465232027,0.2699245123533503
1602691249683975065,-0.6817359167375383,0.26989753641956793
1602691249687222956,-0.6817155569784583,0.26992079125021484
1602691249698794400,-0.681715633975038,0.2699149963310874
1602691249704239228,-0.6817193293133202,0.26993155274263625
1602691249716228489,-0.6817233064785777,0.26990448963003333
1602691249719949936,-0.6817122454264617,0.2699039667365859
1602691249728265352,-0.6817262936862173,0.26993416932254366
1602691249738726258,-0.6817114918783026,0.2699307718675491
1602691249743286146,-0.6817086877706046,0.2699280768780444
1602691249753815976,-0.6817114955369432,0.26992871331361784
1602691249759425450,-0.6817285107576037,0.2698957959693825
1602691249773606266,-0.6817201837592816,0.2699119825992768
1602691249775702421,-0.6817265375723002,0.26992332248504036
1602691249785319710,-0.6817110594594634,0.26990368975521106
1602691249791352763,-0.6817188431436555,0.269920525440119
1602691249803605317,-0.6817177717086699,0.2699202726700391
1602691249808480955,-0.6817147039634149,0.2699274480638972
1602691249815140225,-0.6817247181848326,0.26989492253640623
1602691249824969740,-0.6817071368488996,0.26993487151348106
1602691249831668263,-0.6817242734514438,0.26993067100242063
1602691249839892995,-0.6817232693775024,0.26989867058922656
1602691249849396446,-0.681723416121691,0.2699035066799414
1602691249855597950,-0.681713807266648,0.2699323192909844
1602691249867693045,-0.6817304732273769,0.2698894331109833
1602691249872683507,-0.6817157509035909,0.26993785624860334
1602691249879920571,-0.6817290156884689,0.269915050064472
1602691249890595729,-0.6817289072967326,0.2699170494736612
1602691249895105156,-0.6817053293589644,0.2699303255681592
1602691249906847049,-0.6817114955369432,0.26992871331361784
1602691249912556580,-0.6817162863887382,0.2699209716570018
1602691249920806580,-0.6817167425520123,0.2699210681714323
1602691249927471884,-0.681720803992078,0.26991314605553646
1602691249940154197,-0.6817270458486627,0.26992547847544224
1602691249944060247,-0.6817246882112202,0.26992291495885556
1602691249951392965,-0.6817221208982898,0.2699042127376475
1602691249961917142,-0.6817196321763471,0.2699247892928659
1602691249969565095,-0.6817093220080072,0.26993332776996565
1602691249979732846,-0.6817188058447432,0.2699205517773509
1602691249983530488,-0.6817130754206274,0.26993112213918374
1602691249991249602,-0.6817219291122382,0.26992225294263317
1602691250002697309,-0.6817171527299842,0.2699123051553708
1602691250008266641,-0.6817201837592816,0.2699119825992768
1602691250020168485,-0.6817135628309451,0.2699094287828923
1602691250024426196,-0.6817315934613852,0.2699064084071727
1602691250032425812,-0.6817061106013789,0.26992850545678765
1602691250040161033,-0.6817029084744325,0.26992573712017703
1602691250047456445,-0.6817036450190906,0.2699279414256056
1602691250058162713,-0.68173255624814,0.26989876860415385
1602691250063692654,-0.6817146128905114,0.2699324826586772
1602691250072013592,-0.6817127604397899,0.2699460310449115
1602691250080744114,-0.681717455040556,0.2699000765704432
1602691250087771224,-0.6817154104292246,0.2699159551871913
1602691250102978691,-0.6816988146415485,0.26992884723162214
1602691250105101369,-0.6817089113392183,0.26992711802723496
1602691250114517548,-0.6817001539875516,0.2699260822032289
1602691250121609788,-0.6817241799085803,0.2699207589623698
1602691250127150361,-0.6817265373840289,0.26990828284392154
1602691250138096397,-0.6817277716639701,0.26990247689368324
1602691250144263385,-0.6817188413242321,0.2699195088488957
1602691250152675330,-0.6817210267743496,0.26993708171172515
1602691250159806461,-0.6817248277722652,0.26993178461063533
1602691250169891226,-0.681717707479766,0.2699311933258328
1602691250177552643,-0.6817134267335141,0.2699182758322784
1602691250183663105,-0.6817222116353389,0.2699253773840886
1602691250198806219,-0.6817061320021806,0.2699376504634497
1602691250199889450,-0.6817070005744247,0.2699276677184994
1602691250207457749,-0.681721699460416,0.26993210638475285
1602691250218043738,-0.6817231041356361,0.2698935116809532
1602691250222999674,-0.6817186745106207,0.26992456058887526
1602691250232819885,-0.6817128698778351,0.26992220274507706
1602691250240365187,-0.6817243946723347,0.26992281693796544
1602691250247521906,-0.6817104504807928,0.2699366472621166
1602691250256953669,-0.6817114197151822,0.2699089232130578
1602691250264007735,-0.6817284930676142,0.2699056742751035
1602691250271839440,-0.6817056066400604,0.26992735651981586
1602691250281383299,-0.6817222349026273,0.26990423685495835
1602691250287075511,-0.6817106055561016,0.2699295510501601
1602691250298133089,-0.6817032085953996,0.2699179570787486
1602691250305405726,-0.6817137711963015,0.2699094630413391
1602691250312432006,-0.6817260274381951,0.2699051103269884
1602691250320319120,-0.6817015216630593,0.26991754800114925
1602691250327017895,-0.6817115176555371,0.26991984210553255
1602691250338281343,-0.6817105397879245,0.2699295012140628
1602691250344016093,-0.681729625173231,0.2699260665357757
1602691250351899681,-0.6817145539598367,0.2699283993599838
1602691250360314024,-0.6817116294820216,0.2699349004466688
1602691250367722516,-0.681707250796503,0.26993489562339046
1602691250377069999,-0.6817028516111239,0.26994375229310025
1602691250384412867,-0.6817164230318407,0.26991212469156434
1602691250397456322,-0.6817138852845019,0.26990948717943936
1602691250399864505,-0.6817011110661891,0.2699423615519801
1602691250408118186,-0.6817197786863096,0.2699296254525321
1602691250418770982,-0.681717203380876,0.269930044357097
1602691250423113580,-0.6817128656391673,0.26992119570012046
1602691250432213691,-0.6817146014132982,0.269921579202159
1602691250439426621,-0.6817257647892894,0.2699152992105345
1602691250450775874,-0.6817240679882156,0.2699217514942245
1602691250456681833,-0.681725693572695,0.26992311782344175
1602691250469787354,-0.6817205146204521,0.26993182961742757
1602691250472202399,-0.6817264100512684,0.26989633874591096
1602691250479492255,-0.68170742154973,0.2699379863760457
1602691250491779770,-0.6817090299547243,0.2699281492823699
1602691250495693045,-0.6817161318879661,0.26992979156018787
1602691250505893246,-0.6817187177345875,0.26990959790991953
1602691250511494318,-0.6817115544810247,0.2699327966153883
1602691250523660114,-0.6817156825149978,0.26993171885028655
1602691250527554257,-0.6817127608499562,0.26991431022593204
1602691250538787253,-0.6817227998472195,0.26990335020944345
1602691250544224931,-0.6817094400378377,0.269919386281778
1602691250551657429,-0.681698974551836,0.2699438796541869
1602691250563266812,-0.6817183578084016,0.26990436443548815
1602691250567847434,-0.6817197295062859,0.2699377973483677
1602691250575482848,-0.6817224533781349,0.26991351399945984
1602691250584816476,-0.6817261001300412,0.2699133477950971
1602691250591448283,-0.6817262731307036,0.2699174552039158
1602691250603476101,-0.681721915090911,0.2698952933792957
1602691250608267008,-0.6817165167591788,0.2699220366134181
1602691250615581259,-0.6817169849324383,0.26992313472987794
1602691250624454828,-0.6817029832185718,0.26994893753989874
1602691250631656079,-0.6817284690816102,0.2699128849328151
1602691250641592050,-0.6817126477063958,0.26992111263031193
1602691250647454230,-0.6817207036458266,0.26992504207093554
1602691250655476415,-0.68171877676306,0.2699136812073622
1602691250664369415,-0.6817163090834003,0.2699121005856219
1602691250672214964,-0.6817039126297388,0.26992492354447606
1602691250680664468,-0.6817071145616627,0.2699276918362249
1602691250687676635,-0.6817144482479162,0.26994644038616966
1602691250696118095,-0.6817104418716035,0.26991858226509646
1602691250704385854,-0.6817198925716375,0.2699296495467754
1602691250711540985,-0.6817140510883335,0.269921472592748
1602691250721404789,-0.6817047191095124,0.26991930914530904
1602691250727854046,-0.6817145030775135,0.2699334655738808
1602691250737838958,-0.6817214593923058,0.269934068154731
1602691250744038852,-0.6817161950345758,0.26991207645658777
1602691250755560112,-0.6817217676658408,0.2699382438078591
1602691250759438230,-0.6817119079465409,0.26992096698995693
1602691250767945177,-0.681713314989234,0.2699192684046718
1602691250776677305,-0.6817252222667846,0.2699339165425614
1602691250783891489,-0.681708261107734,0.2699211331314405
1602691250791205203,-0.6817173305891117,0.2699402650519932
1602691250802304818,-0.6817035773022286,0.26992687496572604
1602691250807379446,-0.6817085928573022,0.26992124027855213
1602691250816334188,-0.6817139812571322,0.2699043502072626
1602691250823100220,-0.6817113836488905,0.2699297058543108
1602691250833256818,-0.6817078464605139,0.26992888900012285
1602691250839940109,-0.6817142429483466,0.2699375209070243
1602691250856105990,-0.6817350591383893,0.26987956627460813
1602691250863274118,-0.6817115113085204,0.26991781840282275
1602691250874430207,-0.6817171788313598,0.2699061112932394
1602691250881281213,-0.6817053942521404,0.269916413407801
1602691250887881849,-0.6817192237238087,0.2698956979170047
1602691250896208202,-0.6817294137015688,0.26990008385246433
1602691250904117163,-0.6817207418629259,0.26993187768439697
1602691250913549284,-0.6817310464006514,0.2698974167569272
1602691250920790621,-0.6817111557161037,0.2699296576284769
1602691250928463395,-0.6817205472530121,0.2699038276556442
1602691250939967234,-0.6817068864868036,0.2699276435776801
1602691250942795283,-0.6817180466132287,0.2699135006396826
1602691250953420431,-0.6817083706457244,0.2699201501543201
1602691250959503629,-0.6817139285063115,0.269924465351101
1602691250970889453,-0.6817199928207739,0.2699027140511574
1602691250976551225,-0.681722772892537,0.2699224575537693
1602691250983286168,-0.6817063622995229,0.2699166073528096
1602691250993281632,-0.6817099483934888,0.2699215422904065
1602691251002727367,-0.6817239582030349,0.2699227344144458
1602691251008273277,-0.6817241471359985,0.2699159468630314
1602691251015457382,-0.6817123022405744,0.2699230988651568
1602691251023160303,-0.6817075269591513,0.269919945564821
1602691251038275923,-0.6817172315068045,0.26990103542939037
1602691251040882013,-0.6817184465232027,0.2699245123533503
1602691251048091783,-0.6817200740035958,0.2699129655249173
1602691251055528083,-0.6817093283514772,0.2699203788674956
1602691251063290776,-0.6817035512228209,0.2699180295808516
1602691251077152938,-0.681707524586833,0.26991892884635477
1602691251080032723,-0.6817075089178468,0.2699298237362325
1602691251090553022,-0.68171765783928,0.2699202485808699
1602691251095646804,-0.6817143361926125,0.26994743289101997
1602691251103984695,-0.6817165368798975,0.26991214877441544
1602691251114031293,-0.6817197892203362,0.2699098506782315
1602691251119716475,-0.6817048332869898,0.26991933330538803
1602691251138071901,-0.6817167425520123,0.2699210681714323
1602691251140269467,-0.6817165326292174,0.2699111417294974
1602691251148301867,-0.6817130970560017,0.26991918533475573
1602691251151671115,-0.6817184834425138,0.26993033146451384
1602691251159611086,-0.6817192830048971,0.2699148205478753
1602691251170847128,-0.6817170913058265,0.2699310368547534
1602691251175955886,-0.6817059093394052,0.26992059320764605
1602691251187452139,-0.6817111780892003,0.2699207864803894
1602691251191710195,-0.681714713289519,0.26992058666013224
1602691251201552010,-0.6817153355356035,0.26992276676274884
1602691251208233644,-0.6817244843986914,0.26991501205956897
1602691251215471354,-0.6817196870537482,0.2699207300810899
1602691251228681177,-0.6817162342355514,0.2699189121718083
1602691251232563897,-0.6817175364933323,0.2699103280673228
1602691251239972477,-0.6817164230318407,0.26991212469156434
1602691251248882209,-0.6817253503472412,0.269906989449569
1602691251255521666,-0.6817102112002409,0.26992741915014806
1602691251265385525,-0.6817165167591788,0.2699220366134181
1602691251272199824,-0.6817195551176578,0.26993058430333267
1602691251280678663,-0.6817231894937392,0.2699157181764646
1602691251287703219,-0.6817160963561287,0.2699308344790992
1602691251296121442,-0.6817161950345758,0.26991207645658777
1602691251307573649,-0.6817023065038424,0.26993577727622625
1602691251312422383,-0.6817184703578714,0.26992250316053945
1602691251320680202,-0.6817169661092738,0.269920109317976
1602691251327367275,-0.6817196506733969,0.26990264166829603
1602691251342615649,-0.6817312827634241,0.2698906033864914
1602691251345899692,-0.6816991543667044,0.2699279028947974
1602691251351494248,-0.6817225512133557,0.26992443301189556
1602691251362739297,-0.681713171458209,0.26993726809836377
1602691251369048652,-0.6817160653210587,0.2699229472558366
1602691251380273784,-0.6817218372528984,0.26991335755518975
1602691251384373733,-0.681706466148685,0.26991666628411115
1602691251391982776,-0.6817061791613872,0.2699346427813695
1602691251403832211,-0.6817232087433382,0.26991270186712135
1602691251407323466,-0.6817088199956461,0.2699182228588376
1602691251418411374,-0.6817019607092751,0.26993776343818415
1602691251423804236,-0.6817245374751763,0.26990993627405696
1602691251434742471,-0.681715302098194,0.2699148891591672
1602691251439624182,-0.6817127515906326,0.26992117156972745
1602691251447425077,-0.6817236418909723,0.26990253823245447
1602691251458061149,-0.6817056022712494,0.2699263494420698
1602691251463555799,-0.6817142299245922,0.26993953070334814
1602691251474628225,-0.6817336258808108,0.26989800475462494
1602691251479556246,-0.6817155278792317,0.26991392071444215
1602691251491437941,-0.6817240771366644,0.269914889988359
1602691251496033158,-0.6817176281343151,0.26990418398682847
1602691251508929266,-0.681718548855372,0.26991363299300625
1602691251513518928,-0.6817198463229208,0.26991291736278716
1602691251519059294,-0.6817136176932727,0.2699125050548559
1602691251529098496,-0.6817373864866624,0.26989786254380765
1602691251538766637,-0.6817222349026273,0.26990423685495835
1602691251544572761,-0.6816952318816681,0.26993414342980565
1602691251552337722,-0.6817265357932912,0.2699072663110638
1602691251559407753,-0.6817137136963819,0.2699224073649972
1602691251570270854,-0.6816983889768663,0.26991882826780456
1602691251576560772,-0.681722315154246,0.26989638334097993
1602691251586717910,-0.6817260337150043,0.26991321405903157
1602691251591711642,-0.68175629249784,0.2699011311468673
1602691251607429629,-0.6817305087075214,0.2699240537334755
1602691251610223691,-0.6817463703565741,0.26992567894944813
1602691251615778647,-0.6817462667567753,0.26992767938079987
1602691251624616771,-0.6817569550821715,0.26991090526549233
1602691251631869103,-0.6817780074845927,0.26993808895228183
1602691251644232231,-0.681772537066356,0.2699155472259547
1602691251649628314,-0.6817657427137599,0.269904160761672
1602691251656281584,-0.6817664158646776,0.26993334304942307
1602691251664589213,-0.6817704381037254,0.269925378816242
1602691251673204600,-0.681748363884611,0.2699410396742656
1602691251679954554,-0.6817716216848907,0.269924639093905
1602691251689534557,-0.6817687534607095,0.2699137163461955
1602691251695684707,-0.6817639869651207,0.2699259256014675
1602691251707104003,-0.6817683396680718,0.2699269382354712
1602691251711496162,-0.6817596335743343,0.26993758576908605
1602691251722192190,-0.6817700245995933,0.2699331255664447
1602691251727668890,-0.6817651719396108,0.26991292623860214
1602691251736144680,-0.681771981976048,0.2699164928437705
1602691251744286496,-0.6817706560647829,0.26991623204669624
1602691251751496244,-0.681753045381243,0.2699292144730666
1602691251762608094,-0.6817584792403633,0.2699164406717161
1602691251768004115,-0.68176139550108,0.2699410367491717
1602691251775807888,-0.68176170750126,0.26992135361365943
1602691251783845792,-0.6817564098222485,0.26991088357988535
1602691251791519976,-0.681758681150756,0.2699294880906323
1602691251802204073,-0.6817736631684759,0.26990700528022105
1602691251808155361,-0.6817725199623837,0.2699047276124685
1602691251818777837,-0.6817557545825034,0.269918931281706
1602691251823491806,-0.6817544164358138,0.2699216966010587
1602691251831300031,-0.6817704374331115,0.2699243624923821
1602691251843467778,-0.6817638902095816,0.2699116226279449
1602691251848480458,-0.6817668136166065,0.26991945385073884
1602691251856180069,-0.6817789066700404,0.2698983524858442
1602691251863450020,-0.681759913105702,0.2699219279264857
1602691251871516828,-0.681766351878829,0.26992445574236706
1602691251881619203,-0.6817736290103789,0.2698981108149145
1602691251888724742,-0.6817638575908811,0.2699228667692443
1602691251904550664,-0.6817777364212655,0.26990998653038556
1602691251904578397,-0.6817682805270211,0.26992285491257373
1602691251911659093,-0.6817841874592823,0.2699094395683266
1602691251920957913,-0.6817717347462892,0.2699246629956383
1602691251928206798,-0.6817757539890776,0.26991332436197657
1602691251937348972,-0.6817665776585932,0.26992348729733395
1602691251943410565,-0.6817749652028059,0.269915179898845
1602691251952941190,-0.6817776121272537,0.26989905872768444
1602691251959506798,-0.6817801064744998,0.2699006476109062
1602691251967655549,-0.6817701058714677,0.26991506081551314
1602691251978581057,-0.6817739993100158,0.26990505405182874
1602691251983599307,-0.6817844109801496,0.2699084807063854
1602691251992166001,-0.6817768891548857,0.2699248320110193
1602691251999368401,-0.6817827539873508,0.26994495296593213
1602691252008701593,-0.6817855768812471,0.26991863614796846
1602691252022770742,-0.6817912596997423,0.2699271297123354
1602691252023252123,-0.6817826410561639,0.26994594526644156
1602691252031033632,-0.6817967638128529,0.2699154220228186
1602691252046140534,-0.6817953327309366,0.2699301110276124
1602691252047354673,-0.6817995778544914,0.2699420029155888
1602691252058676547,-0.6818077787524011,0.26992478839030304
1602691252063451950,-0.6818018423830897,0.26993466359097334
1602691252071869739,-0.6818072709843721,0.269921616375097
1602691252081820989,-0.6817971001193966,0.2699202658698214
1602691252087587431,-0.6817982228795223,0.26992257797846536
1602691252096429826,-0.681806649701605,0.26994363595480175
1602691252106586780,-0.6817956106079522,0.26993221830281866
1602691252111099010,-0.681797738981763,0.26992760780098857
1602691252122895532,-0.6817973664555794,0.2699193392270357
1602691252127245442,-0.6817942574799971,0.26992985747804027
1602691252140275328,-0.6817942574799971,0.26992985747804027
1602691252142917648,-0.6817914294175466,0.2699302302987205
1602691252155371302,-0.6817974533038191,0.2699405048944856
1602691252159471154,-0.6817956155385619,0.26992096514224884
1602691252167631902,-0.6817988677333802,0.2699128105138082
1602691252176173979,-0.6818022878654677,0.26991566174186166
1602691252183945984,-0.6818062706574248,0.26991354419896985
1602691252193388153,-0.6817976955744296,0.26994737482463826
1602691252199728271,-0.6818132119533219,0.2699260486517913
1602691252209173224,-0.6818011626441608,0.26991234302577494
1602691252221826982,-0.6818026054471557,0.2699406634326118
1602691252223976475,-0.6818064240657562,0.26992040500013664
1602691252233271100,-0.6817909598816319,0.26994379046594424
1602691252240041815,-0.6817930505290373,0.26994629647172197
1602691252247476573,-0.6818123516310044,0.26990911899395914
1602691252260370446,-0.6817998557123549,0.269919910925381
1602691252263669834,-0.6818140763469839,0.26993343846655515
1602691252277883892,-0.6817917783851845,0.26994018979675155
1602691252281705531,-0.6818059747656704,0.26992233230725865
1602691252287573737,-0.6818059165223798,0.26992639080755854
1602691252296409091,-0.6817966461766947,0.2699211760267116
1602691252304021230,-0.6817973359232395,0.2699394639098586
1602691252314541649,-0.6817927569188208,0.2699653168851703
1602691252319978336,-0.6817946321910278,0.2699418782917987
1602691252328327382,-0.6818018720535538,0.26992341835112077
1602691252339970018,-0.6817915377719178,0.2699131797291174
1602691252343214797,-0.6817958390709591,0.26992000628299545
1602691252353586463,-0.6818034147649388,0.26993504848728
1602691252359440138,-0.6818061981553406,0.2699445566756873
1602691252371650054,-0.6817998957893954,0.2699509471491444
1602691252375404857,-0.6818114839215321,0.2699437470663613
1602691252387483521,-0.6818030776033075,0.26992885785597254
1602691252393908042,-0.6817976080965299,0.26995553847144294
1602691252399605788,-0.6818149299946014,0.26990970670359443
1602691252409793388,-0.6817910258136345,0.2699488813629379
1602691252415286383,-0.6817949710968083,0.26994093376474315
1602691252426797484,-0.6818000331194363,0.26993220634901666
1602691252432069808,-0.6818190461497562,0.2698987403672523
1602691252440346575,-0.681797526092673,0.26993267572124097
1602691252448171238,-0.6818029061655646,0.26991581867080894
1602691252455088859,-0.6818024341065531,0.2699204987067013
1602691252465441842,-0.6818012499844962,0.2699202221505952
1602691252471874682,-0.6818206587354401,0.269905962112611
1602691252480073227,-0.6817993518678739,0.26994195514080976
1602691252487540902,-0.681817163842323,0.26992012448375063
1602691252495443021,-0.6818018129015946,0.26991933503800924
1602691252506756858,-0.6817900683430013,0.2699097882454912
1602691252511569433,-0.681796845420439,0.2699264124739794
1602691252522747463,-0.6818095644222348,0.26994227261240367
1602691252527500658,-0.6818027957654851,0.2699338752120792
1602691252539562279,-0.6818044261625038,0.2699302015447456
1602691252545213394,-0.6818188423849612,0.2699164249771673
1602691252551401781,-0.6818151250870665,0.2699185781017168
1602691252560311531,-0.6819128810011928,0.26993908724230603
1602691252567639220,-0.6819855094371506,0.26993232854534915
1602691252579456663,-0.6820278120307491,0.2699099199490511
1602691252583295195,-0.6820806797236455,0.26992522963473214
1602691252591409182,-0.6821388887526306,0.2698853305534059
1602691252602613650,-0.6821897298795542,0.2698883289331112
1602691252607913983,-0.6821243329346488,0.26988779570048366
1602691252620584497,-0.6821592441252772,0.26990782824363985
1602691252623496671,-0.6821541708416812,0.26989983904731096
1602691252632013386,-0.6821430458204504,0.26991296556654915
1602691252639863698,-0.6821351410060149,0.26988350069076644
1602691252647258732,-0.6821464331281757,0.2699246916951151
1602691252657284915,-0.6821446399683031,0.2698778127352947
1602691252664446943,-0.6821519671723208,0.2698692863796015
1602691252681876686,-0.6821536139761131,0.26990755680130957
1602691252684146967,-0.6821536533038918,0.26988677583110093
1602691252686901634,-0.6821457406315187,0.2698849403518914
1602691252697553746,-0.6821545711683488,0.269887968759643
1602691252703935706,-0.6821473338544132,0.26990407000533095
1602691252718235784,-0.6821387477008863,0.2699020550038509
1602691252719477537,-0.6821425943006962,0.2699128701931183
1602691252731681454,-0.6821362603489022,0.26991242650318603
1602691252735684376,-0.682160110808333,0.2698622803140072
1602691252743465306,-0.6821520807220188,0.26987032649253717
1602691252752485673,-0.6821549048582517,0.2698850109589054
1602691252759096295,-0.6821380122691203,0.2699029266099505
1602691252771331673,-0.6821544558596918,0.26988693833629634
1602691252777382211,-0.6821437526934785,0.26989944120834125
1602691252783344178,-0.6821402595054106,0.26987783547872773
1602691252792283416,-0.6821341328865181,0.26990991211116544
1602691252799408206,-0.6821419418491717,0.26990587414365097
1602691252810740338,-0.6821394065611737,0.2698844968650033
1602691252816561416,-0.6821455958096012,0.2698790839941151
1602691252824545656,-0.6821470452582795,0.2698773581516395
1602691252832045560,-0.6821321273436062,0.26990055562602455
1602691252839241763,-0.6821540573781748,0.2698820416756696
1602691252849696860,-0.6821438253574783,0.26988448332066695
1602691252855432606,-0.6821408008268514,0.26988376469441133
1602691252864870957,-0.682146850817336,0.2698831428613273
1602691252872077115,-0.6821370462616687,0.2698678444486329
1602691252879106412,-0.6821338528183704,0.2698742753597232
1602691252889570659,-0.6821250650800245,0.2698889927397436
1602691252895083270,-0.6821310626512375,0.26989037130251686
1602691252909646028,-0.6821356710710075,0.26989244605192303
1602691252912400102,-0.6821339021181151,0.2698620347419548
1602691252919528707,-0.6821372729107437,0.26986789232561537
1602691252929562135,-0.682147366814991,0.26986818254324474
1602691252938764232,-0.6821217574707836,0.2698882251107352
1602691252943722079,-0.6821222464119305,0.26990026306940945
1602691252951151138,-0.6821213072353961,0.2698891360724051
1602691252961616745,-0.6821134742803795,0.26988529232097974
1602691252967946450,-0.6821070291454053,0.26988685759704273
1602691252978567144,-0.6821185183449309,0.26986973544441467
1602691252983546877,-0.6820967544711367,0.26990907150015275
1602691252992003361,-0.6821085563711232,0.26987730062941745
1602691253001646419,-0.6821040190861084,0.26987628301898103
1602691253008954033,-0.6821106757952419,0.2698866807085367
1602691253016750503,-0.6821022132964942,0.26990347871127074
1602691253024136794,-0.6821212670833645,0.26987341324455455
1602691253038905832,-0.6821194747728034,0.26986894754410073
1602691253040566322,-0.6820997459403884,0.26986539671150594
1602691253047309271,-0.682111743353866,0.2698859263676824
1602691253056700083,-0.6821170138777157,0.2698881312231283
1602691253062990197,-0.6821193784054962,0.26988666095944747
1602691253075969856,-0.68211523276471,0.26986073654575554
1602691253079321879,-0.6821132721736667,0.2698773858413609
1602691253087353814,-0.6821101599962415,0.26989240696521566
1602691253096218064,-0.6820965909058352,0.26987935895728166
